"번호",부문,업종,업체명,유상여부,2021년,2022년,2023년,2024년,2025년
1,전환,전기업,(주)에스파워,Y,1656451,1656451,1656451,2375944,2375944,
2,산업,"비료, 농약 및 살균ㆍ살충제 제조업",남해화학(주),N,67752,67752,67752,67118,67118,
3,산업,기초 화학물질 제조업,그린케미칼 주식회사,N,65261,65261,65261,64650,64650,
4,산업,금속 주조업,대동금속(주),Y,36204,36204,36204,35865,35865,
5,산업,전자 부품 제조업,롯데에너지머티리얼즈(주),N,122416,122416,122416,121269,121269,
6,전환,전기업,지에스이피에스,Y,2543033,2543033,2543033,3656076,3656076,
7,전환,"증기, 냉ㆍ온수 및 공기 조절 공급업",위드인천에너지(주),Y,38881,38881,38881,35751,35751,
8,전환,"증기, 냉ㆍ온수 및 공기 조절 공급업",김천에너지서비스주식회사,Y,566519,566519,566519,546149,546149,
9,전환,"증기, 냉ㆍ온수 및 공기 조절 공급업",주식회사 대륜발전,Y,435528,435528,435528,611310,611310,
10,전환,"증기, 냉ㆍ온수 및 공기 조절 공급업",나래에너지서비스 주식회사,Y,1855149,1855149,1855149,2630220,2630220,
11,폐기물,폐기물 처리업,이천시,N,101284,101284,101284,95385,95385,
12,산업,전자 부품 제조업,삼성전기 주식회사,N,471976,471976,471976,467556,467556,
13,산업,반도체 제조업,스템코(주),N,60076,60076,60076,59513,59513,
14,건물,일반 및 생활 숙박시설 운영업,주식회사 소노인터내셔널,Y,32357,32357,32357,31453,31453,
15,산업,"컴퓨터 프로그래밍, 시스템 통합 및 관리업",삼성에스디에스(주),Y,117639,117639,117639,116537,116537,
16,수송,철도 운송업,한국철도공사,N,2035174,2035174,2035174,2035174,2035174,
17,수송,육상 여객 운송업,(주)천일고속,N,30978,30978,30978,30978,30978,
18,수송,육상 여객 운송업,수원여객운수(주),N,50496,50496,50496,50496,50496,
19,산업,기초 화학물질 제조업,에어프로덕츠코리아 주식회사,N,943141,943141,943141,934308,934308,
20,산업,기초 화학물질 제조업,한화임팩트 주식회사,N,460177,460177,460177,455867,455867,
21,산업,합성고무 및 플라스틱 물질 제조업,코오롱인더스트리 주식회사,N,668745,668745,668745,662482,662482,
22,산업,합성고무 및 플라스틱 물질 제조업,코오롱이앤피(주),N,137577,137577,137577,136288,136288,
23,산업,합성고무 및 플라스틱 물질 제조업,한국엔지니어링플라스틱,N,197345,197345,197345,195496,195496,
24,산업,반도체 제조업,에스케이키파운드리 주식회사,N,356462,356462,356462,353124,353124,
25,산업,고무제품 제조업,평화산업(주),Y,29012,29012,29012,28740,28740,
26,전환,전기업,포천민자발전 주식회사,Y,1493248,1493248,1493248,2144333,2144333,
27,전환,"증기, 냉ㆍ온수 및 공기 조절 공급업",(주)씨텍,Y,475206,475206,475206,458120,458120,
28,수송,육상 여객 운송업,공항철도(주),N,68911,68911,68911,68911,68911,
29,수송,항공 여객 운송업,제주항공(주),Y,235917,235917,235917,235917,235917,
30,수송,육상 여객 운송업,(주)한일고속,N,110331,110331,110331,110331,110331,
31,수송,육상 여객 운송업,김포운수(주),N,25664,25664,25664,25664,25664,
32,수송,도로 화물 운송업,대신정기화물자동차(주),Y,56195,56195,56195,56195,56195,
33,산업,"펄프, 종이 및 판지 제조업",주식회사 한국알스트롬,N,52162,52162,52162,51673,51673,
34,산업,알코올 음료 제조업,주식회사 진로발효,Y,37140,37140,37140,36792,36792,
35,산업,1차 비철금속 제조업,주식회사 영풍,N,1201332,1201332,1201332,1190081,1190081,
36,산업,"펄프, 종이 및 판지 제조업",진영페이퍼 주식회사,N,80493,80493,80493,79739,79739,
37,산업,기타 비금속 광물제품 제조업,대한슬래그 주식회사,Y,33210,33210,33210,32899,32899,
38,산업,1차 비철금속 제조업,에스폼(주),N,39398,39398,39398,39029,39029,
39,산업,기초 화학물질 제조업,(주)오미아코리아,N,79164,79164,79164,78422,78422,
40,산업,반도체 제조업,(주)케이이씨,N,41446,41446,41446,41058,41058,
41,산업,전자 부품 제조업,(주)인터플렉스,N,65352,65352,65352,64740,64740,
42,산업,일차전지 및 축전지 제조업,SK이노베이션(주),N,214970,214970,214970,212957,212957,
43,산업,자동차 신품 부품 제조업,주식회사 알트론전주,Y,32167,32167,32167,31866,31866,
44,산업,선박 및 보트 건조업,(주)건화,N,27149,27149,27149,26895,26895,
45,산업,"자료 처리, 호스팅, 포털 및 기타 인터넷 정보 매개 서비스업",네이버 주식회사,Y,76074,76074,76074,75361,75361,
46,산업,"컴퓨터 프로그래밍, 시스템 통합 및 관리업"," 롯데이노베이트(주)",Y,75160,75160,75160,74456,74456,
47,산업,전자 부품 제조업,(주)온셀텍,N,38209,38209,38209,37851,37851,
48,산업,기초 화학물질 제조업,LX엠엠에이,N,338974,338974,338974,335800,335800,
49,산업,합성고무 및 플라스틱 물질 제조업,국도화학(주),N,52109,52109,52109,51621,51621,
50,산업,1차 철강 제조업,(주)태웅,N,211626,211626,211626,209644,209644,
51,산업,1차 철강 제조업,(주)SIMPAC,N,460371,460371,460371,456059,456059,
52,산업,기타 식품 제조업,롯데네슬레코리아(주),Y,35575,35575,35575,35242,35242,
53,산업,기타 식품 제조업,(주)서흥,Y,35967,35967,35967,35630,35630,
54,산업,"도축, 육류 가공 및 저장 처리업",(주)하림,Y,85755,85755,85755,84951,84951,
55,산업,"펄프, 종이 및 판지 제조업",깨끗한나라 주식회사,N,424808,424808,424808,420829,420829,
56,산업,기초 화학물질 제조업,대한유화 주식회사,N,1590289,1590289,1590289,1575394,1575394,
57,산업,유리 및 유리제품 제조업,(주)베르상스퍼시픽,N,29664,29664,29664,29387,29387,
58,산업,플라스틱 제품 제조업,디엘에프엔씨 주식회사,Y,30852,30852,30852,30563,30563,
59,산업,기초 화학물질 제조업,주식회사 엘지화학,N,9040249,9040249,9040249,8955580,8955580,
60,산업,플라스틱 제품 제조업,에스케이씨 주식회사,Y,191811,191811,191811,190015,190015,
61,산업,기초 화학물질 제조업,에스케이지오센트릭 주식회사,N,3143693,3143693,3143693,3114250,3114250,
62,폐기물,폐기물 처리업,㈜토탈,N,63906,63906,63906,60184,60184,
63,폐기물,"하수, 폐수 및 분뇨 처리업",의정부시,N,54406,54406,54406,51237,51237,
64,폐기물,폐기물 처리업,화성시,N,91684,91684,91684,86344,86344,
65,폐기물,폐기물 처리업,양주시,N,56467,56467,56467,53178,53178,
66,산업,1차 비철금속 제조업,주식회사 대창,N,37721,37721,37721,37367,37367,
67,산업,자동차 신품 부품 제조업,현대성우캐스팅 주식회사,Y,206389,206389,206389,204456,204456,
68,산업,전기 통신업,주식회사 케이티,Y,1332806,1332806,1332806,1320323,1320323,
69,산업,1차 비철금속 제조업,주식회사 에스엔엔씨,N,1605149,1605149,1605149,1590115,1590115,
70,산업,기초 화학물질 제조업,효성화학 주식회사,N,860616,860616,860616,852555,852555,
71,전환,"증기, 냉ㆍ온수 및 공기 조절 공급업",제이비 주식회사,Y,27288,27288,27288,34966,34966,
72,폐기물,폐기물 처리업,경주시,N,82049,82049,82049,77271,77271,
73,폐기물,폐기물 처리업,(주)그린스코,N,41294,41294,41294,38889,38889,
74,폐기물,폐기물 처리업,수원시,N,174338,174338,174338,164185,164185,
75,폐기물,폐기물 처리업,서울특별시,N,1265747,1265747,1265747,1192029,1192029,
76,산업,1차 비철금속 제조업,조일알미늄 주식회사,N,80878,80878,80878,80120,80120,
77,산업,1차 비철금속 제조업,스틸싸이클 주식회사,N,81920,81920,81920,81152,81152,
78,산업,"시멘트, 석회, 플라스터 및 그 외 제품 제조업",주식회사 태경비케이,N,552270,552270,552270,547097,547097,
79,산업,"시멘트, 석회, 플라스터 및 그 외 제품 제조업",한라시멘트주식회사,N,4890809,4890809,4890809,4845003,4845003,
80,건물,병원,아주대학교의료원,N,26199,26199,26199,25467,25467,
81,건물,고등 교육기관,학교법인 성균관대학,N,39583,39583,39583,38476,38476,
82,건물,기타 운송관련 서비스업,한국공항공사,Y,38984,38984,38984,37894,37894,
83,건물,고등 교육기관,전북대학교,N,30065,30065,30065,29224,29224,
84,산업,자동차 신품 부품 제조업,(주)삼원강재,Y,30208,30208,30208,29925,29925,
85,산업,기초 화학물질 제조업,비를라카본코리아(주),N,125327,125327,125327,124153,124153,
86,산업,전자 부품 제조업,솔브레인에스엘디 주식회사,N,51699,51699,51699,51215,51215,
87,산업,나무제품 제조업,(주)SUN&L,Y,138046,138046,138046,136753,136753,
88,산업,일차전지 및 축전지 제조업,에스케이아이이테크놀로지주식회사,N,139976,139976,139976,138665,138665,
89,산업,"전동기, 발전기 및 전기 변환ㆍ공급ㆍ제어 장치 제조업",효성중공업 주식회사,Y,60965,60965,60965,60394,60394,
90,산업,"내화, 비내화 요업제품 제조업",(주)대동세라믹,N,0,27114,27114,26860,26860,
91,수송,육상 여객 운송업,주식회사금강고속,N,0,30231,30231,30231,30231,
92,산업,나무제품 제조업,에스와이에너지 주식회사,Y,0,0,37759,37405,37405,
93,산업,기타 금속 가공제품 제조업,(주)태상,Y,0,0,61130,60558,60558,
94,산업,일차전지 및 축전지 제조업,(주)에코프로비엠,N,0,0,90846,89995,89995,
95,폐기물,폐기물 처리업,"이도에코오산(주) ",N,0,0,0,40985,40985,
96,폐기물,폐기물 처리업,(주)이에스티,N,0,0,0,69383,69383,
97,폐기물,폐기물 처리업,(주)에이티에너지,N,0,0,0,22902,22902,
98,산업,자동차 신품 부품 제조업,(주)코넥,Y,0,0,0,29701,29701,
99,폐기물,폐기물 처리업,(주)청송산업개발,N,0,0,0,0,61540,
100,산업,1차 비철금속 제조업,베페사징크코리아(주),N,0,0,0,0,116925,
101,산업,"자료 처리, 호스팅, 포털 및 기타 인터넷 정보 매개 서비스업",마이크로소프트5673코리아 유한책임회사,Y,0,0,0,0,60526,
102,건물,기타 운송관련 서비스업,부산신항만주식회사,Y,0,0,0,0,50955,
103,산업,1차 비철금속 제조업,울산알루미늄 주식회사,N,163582,163582,163582,162050,162050,
104,산업,담배 제조업,(주)케이티앤지,Y,107576,107576,107576,106569,106569,
105,산업,화학섬유 제조업,대한화섬(주),N,49761,49761,49761,49295,49295,
106,산업,"펄프, 종이 및 판지 제조업",(주)대림제지,N,106962,106962,106962,105961,105961,
107,산업,사진장비 및 광학 기기 제조업,동우화인켐주식회사,N,443025,443025,443025,438875,438875,
108,산업,플라스틱 제품 제조업,(주)동신포리마,Y,30458,30458,30458,30173,30173,
109,폐기물,폐기물 처리업,주식회사 에너지네트웍,N,140556,140556,140556,132370,132370,
110,폐기물,폐기물 처리업,포항시,N,156845,156845,156845,147710,147710,
111,산업,반도체 제조업,매그나칩반도체(유),N,154189,154189,154189,152745,152745,
112,산업,반도체 제조업,온세미컨덕터코리아(주),N,143341,143341,143341,141998,141998,
113,폐기물,폐기물 처리업,대전광역시,N,300187,300187,300187,282704,282704,
114,산업,전기 통신업,에스케이텔레콤 주식회사,Y,1148626,1148626,1148626,1137868,1137868,
115,산업,나무제품 제조업,성창보드(주),Y,30587,30587,30587,30301,30301,
116,산업,기타 화학제품 제조업,에스엔에프코리아(주),Y,34613,34613,34613,34289,34289,
117,산업,석유 정제품 제조업,지에스칼텍스 주식회사,N,8353688,8353688,8353688,8275449,8275449,
118,수송,육상 여객 운송업,대구교통공사,N,120078,120078,120078,120078,120078,
119,수송,도로 화물 운송업,동원로엑스(주),Y,51985,51985,51985,51985,51985,
120,산업,1차 철강 제조업,일진제강(주),N,47379,47379,47379,46935,46935,
121,산업,자동차 신품 부품 제조업,주식회사 베어링아트,Y,55050,55050,55050,54535,54535,
122,산업,유리 및 유리제품 제조업,파주전기초자 주식회사,N,44129,44129,44129,43716,43716,
123,산업,기타 비금속 광물제품 제조업,고려기초소재,Y,25689,25689,25689,25449,25449,
124,산업,1차 비철금속 제조업,노벨리스코리아 주식회사,N,283114,283114,283114,280462,280462,
125,산업,1차 비철금속 제조업,성훈엔지니어링주식회사,N,41587,41587,41587,41197,41197,
126,산업,"펄프, 종이 및 판지 제조업",주식회사 고려제지,N,139960,139960,139960,138649,138649,
127,전환,"증기, 냉ㆍ온수 및 공기 조절 공급업",OCI SE 주식회사,Y,1411416,1411416,1411416,1360666,1360666,
128,전환,"증기, 냉ㆍ온수 및 공기 조절 공급업",(주)삼천리,Y,48222,48222,48222,58548,58548,
129,전환,"증기, 냉ㆍ온수 및 공기 조절 공급업",부산정관에너지(주),Y,59290,59290,59290,71410,71410,
130,수송,항공 여객 운송업,아시아나항공,Y,367406,367406,367406,367406,367406,
131,산업,기타 금속 가공제품 제조업,주식회사 케이피에프,Y,56748,56748,56748,56216,56216,
132,산업,1차 비철금속 제조업,대구텍 유한책임회사,N,55184,55184,55184,54667,54667,
133,산업,합성고무 및 플라스틱 물질 제조업,한국넥슬렌유한회사,N,132220,132220,132220,130982,130982,
134,산업,자동차용 엔진 및 자동차 제조업,동희오토(주),Y,42202,42202,42202,41806,41806,
135,산업,자동차 신품 부품 제조업,(주)현대케피코,Y,29792,29792,29792,29513,29513,
136,건물,기타 운송관련 서비스업,한국도로공사,Y,275530,275530,275530,267828,267828,
137,건물,고등 교육기관,학교법인 한양학원,N,75996,75996,75996,73872,73872,
138,산업,"곡물 가공품, 전분 및 전분제품 제조업",CJ제일제당(주),N,473135,473135,473135,468704,468704,
139,산업,절연선 및 케이블 제조업,대한전선 주식회사,Y,39648,39648,39648,39277,39277,
140,산업,기초 화학물질 제조업,(유)에스케이씨에보닉페록사이드코리아,N,56258,56258,56258,55731,55731,
141,건물,고등 교육기관,경북대학교,N,34515,34515,34515,33550,33550,
142,산업,기타 화학제품 제조업,(주)한화,Y,94822,94822,94822,93934,93934,
143,산업,전자 부품 제조업,대덕전자 주식회사,N,160005,160005,160005,158506,158506,
144,산업,나무제품 제조업,(주)한솔홈데코,Y,74376,74376,74376,73679,73679,
145,산업,1차 비철금속 제조업,엘에스엠앤엠 주식회사,N,536497,536497,536497,531472,531472,
146,산업,선박 및 보트 건조업,에이치디현대삼호 주식회사,N,219050,219050,219050,216998,216998,
147,폐기물,폐기물 처리업,전주시,N,168261,168261,168261,158462,158462,
148,폐기물,"하수, 폐수 및 분뇨 처리업",평택시,N,113753,113753,113753,107128,107128,
149,폐기물,폐기물 처리업,천안시,N,129228,129228,129228,121702,121702,
150,전환,"증기, 냉ㆍ온수 및 공기 조절 공급업",한화에너지주식회사,Y,3601282,3601282,3601282,3471792,3471792,
151,건물,종합 소매업,(주)신세계,Y,147071,147071,147071,142960,142960,
152,폐기물,폐기물 처리업,신대한정유산업 주식회사,N,76929,76929,76929,72448,72448,
153,폐기물,폐기물 처리업,광주광역시,N,183766,183766,183766,173063,173063,
154,폐기물,폐기물 처리업,광명시,N,55766,55766,55766,52519,52519,
155,폐기물,폐기물 처리업,군포시,N,35413,35413,35413,33350,33350,
156,폐기물,폐기물 처리업," 리뉴에너지경인 주식회사",N,55639,55639,55639,52399,52399,
157,산업,1차 철강 제조업,케이지스틸 주식회사,N,411970,411970,411970,408112,408112,
158,산업,"전동기, 발전기 및 전기 변환ㆍ공급ㆍ제어 장치 제조업",에이치디현대일렉트릭(주),Y,38325,38325,38325,37967,37967,
159,산업,"시멘트, 석회, 플라스터 및 그 외 제품 제조업",(주)충무화학,N,161255,161255,161255,159745,159745,
160,산업,기초 화학물질 제조업,코스모화학,N,67817,67817,67817,67182,67182,
161,산업,1차 철강 제조업,진양특수강(주),N,31094,31094,31094,30802,30802,
162,산업,전자 부품 제조업,주식회사 심텍,N,104051,104051,104051,103077,103077,
163,산업,기초 화학물질 제조업,에어리퀴드코리아 주식회사,N,198622,198622,198622,196762,196762,
164,폐기물,폐기물 처리업,(주)창원에너텍,N,0,69075,69075,65052,65052,
165,산업,1차 비철금속 제조업,(주)동남,N,0,40540,40540,40160,40160,
166,폐기물,폐기물 처리업,(주)다나에너지솔루션,N,0,0,61483,57902,57902,
167,산업,플라스틱 제품 제조업,더블유씨피 주식회사,Y,0,0,72554,71875,71875,
168,전환,"증기, 냉ㆍ온수 및 공기 조절 공급업",(주)부산도시가스,Y,0,0,48829,59088,59088,
169,폐기물,폐기물 처리업,NC울산(주),N,0,0,0,62369,62369,
170,폐기물,폐기물 처리업,리뉴에너지경기 주식회사,N,0,0,0,40418,40418,
171,폐기물,폐기물 처리업,(주)케이비아이국인산업,N,0,0,0,183204,183204,
172,폐기물,폐기물 처리업,주식회사 서원환경,N,0,0,0,37586,37586,
173,폐기물,폐기물 처리업,리뉴랜드경주 주식회사,N,0,0,0,98524,98524,
174,폐기물,폐기물 처리업,(주)에코비트그린,N,0,0,0,143094,143094,
175,폐기물,폐기물 처리업,(주)애니테크,N,0,0,0,34754,34754,
176,산업,선박 및 보트 건조업,대한조선주식회사,N,0,0,0,32765,32765,
177,전환,전기업,고성그린파워 주식회사,Y,0,0,0,6235786,6235786,
178,산업,일차전지 및 축전지 제조업,(주)에코프로머티리얼즈,N,0,0,0,47634,47634,
179,산업,일차전지 및 축전지 제조업,주식회사 에코프로이엠,N,0,0,0,0,94967,
180,건물,기타 운송관련 서비스업,한진부산컨테이너터미널,Y,0,0,0,0,30841,
181,산업,1차 비철금속 제조업,주식회사 풍산,N,237724,237724,237724,235497,235497,
182,산업,금속 주조업,(주)성호금속 경주2공장,Y,29000,29000,29000,28729,28729,
183,산업,반도체 제조업,"주식회사 디비하이텍 ",N,287307,287307,287307,284616,284616,
184,산업,낙농제품 및 식용 빙과류 제조업,남양유업(주),Y,96422,96422,96422,95519,95519,
185,산업,기타 식품 제조업,대한제당 주식회사,Y,74540,74540,74540,73842,73842,
186,산업,기타 식품 제조업,롯데웰푸드(주),Y,130903,130903,130903,129677,129677,
187,산업,나무제품 제조업,(주)포레스코,Y,38188,38188,38188,37830,37830,
188,산업,플라스틱 제품 제조업,(주)현대엘앤씨,Y,32301,32301,32301,31999,31999,
189,산업,1차 철강 제조업,주식회사 세아베스틸지주,N,1382082,1382082,1382082,1369138,1369138,
190,산업,1차 철강 제조업,(주)세아특수강,N,26982,26982,26982,26730,26730,
191,전환,"증기, 냉ㆍ온수 및 공기 조절 공급업",(주)상공에너지,Y,87891,87891,87891,84731,84731,
192,전환,전기업,주식회사 전주원파워,Y,45299,45299,45299,38554,38554,
193,전환,전기업,한국동서발전 주식회사,Y,30628168,30628168,30628168,25111121,25111121,
194,전환,"증기, 냉ㆍ온수 및 공기 조절 공급업",수완에너지 주식회사,Y,168251,168251,168251,217390,217390,
195,전환,"증기, 냉ㆍ온수 및 공기 조절 공급업",평택에너지앤파워 주식회사,Y,1199051,1199051,1199051,1720326,1720326,
196,폐기물,폐기물 처리업,주식회사 뉴그린,N,114757,114757,114757,108074,108074,
197,산업,전자 부품 제조업,삼성디스플레이 주식회사,N,5156787,5156787,5156787,5108490,5108490,
198,산업,전자 부품 제조업,엘지디스플레이(주),N,4920062,4920062,4920062,4873982,4873982,
199,산업,전자 부품 제조업,스테코(주),N,42803,42803,42803,42402,42402,
200,폐기물,폐기물 처리업,성림유화 주식회사,N,178815,178815,178815,168400,168400,
201,산업,일차전지 및 축전지 제조업,세방전지(주),N,141289,141289,141289,139966,139966,
202,산업,선박 및 보트 건조업,에이치에스지성동조선 주식회사,N,32572,32572,32572,32267,32267,
203,산업,기타 식품 제조업,에스피엘(주),Y,29673,29673,29673,29395,29395,
204,산업,1차 철강 제조업,와이케이스틸(주),N,377206,377206,377206,373673,373673,
205,산업,"펄프, 종이 및 판지 제조업",삼정펄프(주),N,162350,162350,162350,160829,160829,
206,산업,석유 정제품 제조업,에스케이엔무브 주식회사,N,196529,196529,196529,194688,194688,
207,산업,기초 화학물질 제조업,애경케미칼(주),N,145521,145521,145521,144158,144158,
208,산업,기초 화학물질 제조업,여천엔씨씨 주식회사,N,3861254,3861254,3861254,3825090,3825090,
209,산업,기초 화학물질 제조업,재원산업,N,30744,30744,30744,30456,30456,
210,산업,합성고무 및 플라스틱 물질 제조업,폴리미래(주),N,126276,126276,126276,125094,125094,
211,산업,자동차용 엔진 및 자동차 제조업,현대자동차 주식회사,Y,1620014,1620014,1620014,1604842,1604842,
212,산업,선박 및 보트 건조업,에이치디현대미포 주식회사,N,156154,156154,156154,154691,154691,
213,산업,"시멘트, 석회, 플라스터 및 그 외 제품 제조업",한일시멘트 주식회사,N,4742417,4742417,4742417,4698001,4698001,
214,산업,유리 및 유리제품 제조업,케이씨글라스(주),N,31222,31222,31222,30930,30930,
215,산업,"시멘트, 석회, 플라스터 및 그 외 제품 제조업",대한시멘트주식회사,N,80576,80576,80576,79821,79821,
216,산업,"시멘트, 석회, 플라스터 및 그 외 제품 제조업",성신양회(주),N,5188458,5188458,5188458,5139864,5139864,
217,산업,기타 식품 제조업,주식회사 농심,Y,174605,174605,174605,172970,172970,
218,전환,"증기, 냉ㆍ온수 및 공기 조절 공급업",인천종합에너지(주),Y,364221,364221,364221,461931,461931,
219,전환,전기업,한국서부발전,Y,30260933,30260933,30260933,24794257,24794257,
220,전환,"증기, 냉ㆍ온수 및 공기 조절 공급업",GS파워,Y,1989344,1989344,1989344,2648634,2648634,
221,폐기물,폐기물 처리업,(주)에코비트에너지세종,N,59742,59742,59742,56263,56263,
222,수송,항공 여객 운송업,주식회사 진에어,Y,188989,188989,188989,188989,188989,
223,수송,육상 여객 운송업,(주)중앙고속,N,65593,65593,65593,65593,65593,
224,산업,"시멘트, 석회, 플라스터 및 그 외 제품 제조업",아세아시멘트 주식회사,N,2764938,2764938,2764938,2739042,2739042,
225,산업,"시멘트, 석회, 플라스터 및 그 외 제품 제조업",주식회사 삼보광업,N,149268,149268,149268,147870,147870,
226,산업,"시멘트, 석회, 플라스터 및 그 외 제품 제조업",담우물산(주),N,60950,60950,60950,60379,60379,
227,산업,기타 금속 가공제품 제조업,한일제관(주),Y,74069,74069,74069,73376,73376,
228,산업,전자 부품 제조업,(주)이수페타시스,N,48642,48642,48642,48187,48187,
229,산업,전자 부품 제조업,(주)디에이피,N,44547,44547,44547,44130,44130,
230,산업,기초 화학물질 제조업,롯데엠시시 주식회사,N,311901,311901,311901,308979,308979,
231,건물,종합 소매업,롯데쇼핑 주식회사,Y,856150,856150,856150,832220,832220,
232,산업,기초 화학물질 제조업,동서석유화학 주식회사,N,383486,383486,383486,379894,379894,
233,산업,자동차 신품 부품 제조업,주식회사 하이호휠,Y,27443,27443,27443,27186,27186,
234,산업,자동차 신품 부품 제조업,주식회사 삼기,Y,52787,52787,52787,52292,52292,
235,산업,"도축, 육류 가공 및 저장 처리업",(주)참프레,Y,30952,30952,30952,30662,30662,
236,폐기물,폐기물 처리업,양산시,N,95456,95456,95456,89896,89896,
237,폐기물,폐기물 처리업,초당환경(유),N,40048,40048,40048,37716,37716,
238,폐기물,폐기물 처리업,인천광역시,N,342352,342352,342352,322413,322413,
239,산업,자동차 신품 부품 제조업,현대위아 주식회사,Y,226096,226096,226096,223978,223978,
240,산업,1차 철강 제조업,포스코홀딩스 주식회사,N,77153824,77153824,77153824,76431220,76431220,
241,산업,"시멘트, 석회, 플라스터 및 그 외 제품 제조업",(주)강동씨앤엘,N,596572,596572,596572,590985,590985,
242,산업,반도체 제조업,해성디에스 주식회사,N,51689,51689,51689,51205,51205,
243,산업,1차 철강 제조업,현대종합특수강 주식회사,N,44041,44041,44041,43628,43628,
244,전환,전기업,동두천드림파워,Y,2424101,2424101,2424101,3448088,3448088,
245,폐기물,폐기물 처리업,네이처이앤티(주),N,204136,204136,204136,192247,192247,
246,폐기물,폐기물 처리업,서해그린환경(주),N,44745,44745,44745,42139,42139,
247,폐기물,폐기물 처리업,부산광역시,N,690151,690151,690151,649956,649956,
248,폐기물,폐기물 처리업,대구광역시,N,477307,477307,477307,449508,449508,
249,폐기물,폐기물 처리업,거제시,N,47358,47358,47358,44600,44600,
250,산업,"펄프, 종이 및 판지 제조업",페이퍼코리아,N,122927,122927,122927,121775,121775,
251,산업,"시멘트, 석회, 플라스터 및 그 외 제품 제조업",주식회사 포스코퓨처엠,N,2414303,2414303,2414303,2391691,2391691,
252,산업,기초 화학물질 제조업,코리아PTG(주),N,109865,109865,109865,108836,108836,
253,산업,기초 화학물질 제조업,한화토탈에너지스 주식회사,N,4696165,4696165,4696165,4652182,4652182,
254,산업,기초 화학물질 제조업,주식회사 포스코엠씨머티리얼즈,N,131286,131286,131286,130057,130057,
255,산업,유리 및 유리제품 제조업,하이트진로산업(주),N,26480,26480,26480,26232,26232,
256,산업,반도체 제조업,삼성전자 주식회사,N,11235653,11235653,11235653,11130422,11130422,
257,폐기물,폐기물 처리업,우진환경개발(주),N,0,50293,50293,47364,47364,
258,산업,합성고무 및 플라스틱 물질 제조업,스미토모세이카폴리머스코리아(주),N,0,32024,32024,31724,31724,
259,건물,부동산 임대 및 공급업,주식회사 더블유티씨서울,Y,62796,62796,62796,61041,61041,
260,건물,부동산 임대 및 공급업,주식회사 스타필드고양,Y,29732,29732,29732,28901,28901,
261,산업,특수 목적용 기계 제조업,에이치디현대인프라코어(주),Y,112974,112974,112974,111916,111916,
262,산업,기타 화학제품 제조업,송원산업(주),Y,154305,154305,154305,152860,152860,
263,산업,자동차용 엔진 및 자동차 제조업,르노코리아 주식회사,Y,106196,106196,106196,105201,105201,
264,산업,반도체 제조업,제이셋스태츠칩팩코리아(유),N,32507,32507,32507,32203,32203,
265,산업,화학섬유 제조업,성안합섬(주),N,81213,81213,81213,80452,80452,
266,수송,도로 화물 운송업,롯데글로벌로지스(주),Y,0,59801,59801,59801,59801,
267,산업,반도체 제조업,주식회사 윈팩,N,0,0,27333,27077,27077,
268,폐기물,폐기물 처리업,(주)와이엔텍,N,0,0,0,117206,117206,
269,폐기물,폐기물 처리업,에코비트에너지정세,N,0,0,0,54555,54555,
270,폐기물,폐기물 처리업,한맥테코산업㈜,N,0,0,0,39167,39167,
271,폐기물,폐기물 처리업,리뉴에너지충청(주),N,0,0,0,59561,59561,
272,폐기물,폐기물 처리업,(유)남해환경,N,0,0,0,25150,25150,
273,산업,기초 화학물질 제조업,한국알콜산업(주),N,0,0,0,29250,29250,
274,산업,1차 철강 제조업,디케이동신(주),N,0,0,0,24464,24464,
275,전환,전기업,오성연료전지 주식회사,Y,0,0,0,28874,28874,
276,산업,낙농제품 및 식용 빙과류 제조업,서울우유협동조합,Y,0,0,0,0,92204,
277,산업,1차 비철금속 제조업,성일하이텍(주),N,0,0,0,0,26898,
278,전환,전기업,(주)에스이그린에너지,Y,0,0,0,0,44432,
279,전환,전기업,노을그린에너지 주식회사,Y,0,0,0,0,56350,
280,수송,해상 운송업,고려고속훼리(주),N,0,0,0,0,35263,
281,산업,금속 주조업,주식회사 알테크노메탈,Y,32308,32308,32308,32006,32006,
282,산업,1차 철강 제조업,현대아이에프씨 주식회사,N,199996,199996,199996,198123,198123,
283,산업,"펄프, 종이 및 판지 제조업",(주)쌍용씨앤비,N,68543,68543,68543,67901,67901,
284,산업,기초 화학물질 제조업,(주)한솔케미칼,N,141496,141496,141496,140170,140170,
285,산업,유리 및 유리제품 제조업,(주)금비,N,79868,79868,79868,79120,79120,
286,산업,1차 철강 제조업,동국산업(주),N,39342,39342,39342,38973,38973,
287,전환,"증기, 냉ㆍ온수 및 공기 조절 공급업",대구염색산업단지관리공단,Y,643076,643076,643076,619953,619953,
288,폐기물,폐기물 처리업,주식회사 코엔텍,N,345429,345429,345429,325311,325311,
289,폐기물,폐기물 처리업,리뉴에너지충북(주),N,185501,185501,185501,174697,174697,
290,산업,"펄프, 종이 및 판지 제조업",삼화제지(주),N,25029,25029,25029,24794,24794,
291,산업,기초 화학물질 제조업,"오라이온코리아 주식회사 ",N,496661,496661,496661,492010,492010,
292,산업,기초 화학물질 제조업,용산케미칼 주식회사,N,108741,108741,108741,107722,107722,
293,산업,기초 화학물질 제조업,린데코리아 주식회사,N,783365,783365,783365,776028,776028,
294,산업,기초 의약 물질 및 생물학적 제제 제조업,삼성바이오로직스 주식회사,N,122393,122393,122393,121247,121247,
295,수송,항공 여객 운송업,에어부산(주),Y,219904,219904,219904,219904,219904,
296,수송,항공 여객 운송업,주식회사 티웨이항공,Y,142892,142892,142892,142892,142892,
297,수송,육상 여객 운송업,성남시내버스(주),N,39254,39254,39254,39254,39254,
298,수송,육상 여객 운송업,경진여객운수(주),N,28953,28953,28953,28953,28953,
299,수송,해상 운송업,씨월드고속훼리(주),N,89869,89869,89869,89869,89869,
300,수송,도로 화물 운송업,현대글로비스(주),Y,86550,86550,86550,86550,86550,
301,수송,도로 화물 운송업,(주)엘엑스판토스,Y,45925,45925,45925,45925,45925,
302,산업,기초 화학물질 제조업,에스케이어드밴스드주식회사,N,700783,700783,700783,694220,694220,
303,산업,"시멘트, 석회, 플라스터 및 그 외 제품 제조업",주식회사 태영이엠씨,N,146274,146274,146274,144904,144904,
304,산업,"펄프, 종이 및 판지 제조업",천일제지(주),N,62809,62809,62809,62221,62221,
305,산업,기초 화학물질 제조업,에이치디현대케미칼주식회사,N,1123785,1123785,1123785,1113260,1113260,
306,산업,기초 화학물질 제조업,주식회사 카프로,N,780227,780227,780227,772919,772919,
307,산업,기초 화학물질 제조업,케이오씨(주),N,51860,51860,51860,51375,51375,
308,산업,자동차 신품 부품 제조업,현대트랜시스 주식회사,Y,200278,200278,200278,198403,198403,
309,산업,자동차 신품 부품 제조업,한온시스템 주식회사,Y,69885,69885,69885,69231,69231,
310,산업,자동차 신품 부품 제조업,현대모비스(주),Y,164516,164516,164516,162975,162975,
311,산업,1차 비철금속 제조업,(주)중일,N,29247,29247,29247,28973,28973,
312,산업,선박 및 보트 건조업,에이치디현대중공업 주식회사,N,526775,526775,526775,521842,521842,
313,산업,"내화, 비내화 요업제품 제조업",대동산업주식회사,N,43207,43207,43207,42802,42802,
314,산업,"시멘트, 석회, 플라스터 및 그 외 제품 제조업",크나우프석고보드 주식회사,N,141641,141641,141641,140315,140315,
315,산업,1차 철강 제조업,한국주철관공업(주),N,81638,81638,81638,80873,80873,
316,산업,기초 화학물질 제조업,바스프퍼포먼스폴리아마이드코리아 주식회사,N,92146,92146,92146,91283,91283,
317,전환,"증기, 냉ㆍ온수 및 공기 조절 공급업",인천공항에너지,Y,209278,209278,209278,267110,267110,
318,전환,전기업,에스케이이엔에스 주식회사,Y,2659120,2659120,2659120,3858536,3858536,
319,수송,육상 여객 운송업,(주)대원고속,N,165800,165800,165800,165800,165800,
320,수송,육상 여객 운송업,(주)동양고속,N,69735,69735,69735,69735,69735,
321,수송,육상 여객 운송업,(합)경남여객,N,51393,51393,51393,51393,51393,
322,수송,육상 여객 운송업,대창운수(주),N,27166,27166,27166,27166,27166,
323,수송,육상 여객 운송업,(주)충남고속,N,29210,29210,29210,29210,29210,
324,수송,육상 여객 운송업,선진버스(주),N,31623,31623,31623,31623,31623,
325,수송,도로 화물 운송업,(주)한진,Y,122875,122875,122875,122875,122875,
326,수송,도로 화물 운송업,인터지스(주),Y,37230,37230,37230,37230,37230,
327,수송,도로 화물 운송업,세방(주),Y,26487,26487,26487,26487,26487,
328,산업,고무제품 제조업,한국타이어앤테크놀로지(주),Y,519131,519131,519131,514269,514269,
329,산업,기초 화학물질 제조업,주식회사 동성케미컬,N,27536,27536,27536,27278,27278,
330,산업,1차 철강 제조업,환영철강공업,N,327967,327967,327967,324895,324895,
331,산업,1차 철강 제조업,주식회사 휴스틸,N,36019,36019,36019,35682,35682,
332,산업,1차 철강 제조업,주식회사 포스코모빌리티솔루션,N,58885,58885,58885,58333,58333,
333,산업,"펄프, 종이 및 판지 제조업",태림페이퍼주식회사,N,207749,207749,207749,205803,205803,
334,산업,화학섬유 제조업,티케이케미칼,N,227685,227685,227685,225553,225553,
335,산업,"섬유제품 염색, 정리 및 마무리 가공업",대한방직(주),Y,30052,30052,30052,29770,29770,
336,산업,자동차용 엔진 및 자동차 제조업,기아(주),Y,771368,771368,771368,764143,764143,
337,산업,자동차 신품 부품 제조업,디엘모터스(주),Y,43873,43873,43873,43462,43462,
338,산업,"펄프, 종이 및 판지 제조업",나투라페이퍼 주식회사,N,161049,161049,161049,159541,159541,
339,건물,부동산 임대 및 공급업,서울특별시농수산식품공사,Y,56070,56070,56070,54502,54502,
340,건물,부동산 임대 및 공급업,롯데물산(주),Y,37810,37810,37810,36753,36753,
341,건물,병원,학교법인 가톨릭학원,N,39620,39620,39620,38513,38513,
342,산업,석유 정제품 제조업,SK인천석유화학(주),N,1672206,1672206,1672206,1656545,1656545,
343,산업,의약품 제조업,녹십자,Y,49237,49237,49237,48776,48776,
344,산업,"섬유제품 염색, 정리 및 마무리 가공업",(주)영신물산,Y,28935,28935,28935,28664,28664,
345,산업,"곡물 가공품, 전분 및 전분제품 제조업",주식회사 삼양사,N,291950,291950,291950,289216,289216,
346,산업,1차 철강 제조업,주식회사 세아창원특수강,N,544077,544077,544077,538981,538981,
347,산업,"펄프, 종이 및 판지 제조업",한솔제지,N,1029557,1029557,1029557,1019915,1019915,
348,산업,1차 비철금속 제조업,고려아연 주식회사,N,3879102,3879102,3879102,3842772,3842772,
349,산업,기타 식품 제조업,동서식품(주),Y,123890,123890,123890,122729,122729,
350,산업,전자 부품 제조업,(주)코리아써키트,N,104302,104302,104302,103325,103325,
351,산업,반도체 제조업,엘지전자 주식회사,N,1018097,1018097,1018097,1008562,1008562,
352,산업,"펄프, 종이 및 판지 제조업",유한킴벌리 주식회사,N,214087,214087,214087,212082,212082,
353,산업,"곡물 가공품, 전분 및 전분제품 제조업",유한회사 사조씨피케이,N,143658,143658,143658,142313,142313,
354,폐기물,폐기물 처리업,주식회사 영흥산업환경,N,60079,60079,60079,56580,56580,
355,폐기물,폐기물 처리업,하남시,N,17881,17881,17881,16839,16839,
356,폐기물,폐기물 처리업,케이지에코솔루션 주식회사,N,264680,264680,264680,249265,249265,
357,전환,"증기, 냉ㆍ온수 및 공기 조절 공급업",별내에너지 주식회사,Y,142648,142648,142648,185750,185750,
358,건물,일반 및 생활 숙박시설 운영업,모나용평 주식회사,Y,31425,31425,31425,30547,30547,
359,폐기물,폐기물 처리업,군산시,N,58065,58065,58065,54683,54683,
360,폐기물,폐기물 처리업,(주)동양환경,N,190980,190980,190980,179857,179857,
361,폐기물,폐기물 처리업,성남시,N,215335,215335,215335,202793,202793,
362,산업,석유 정제품 제조업,에스케이에너지 주식회사,N,7151437,7151437,7151437,7084459,7084459,
363,산업,기초 화학물질 제조업,주식회사 코리아에어텍,N,37722,37722,37722,37369,37369,
364,산업,토사석 광업,삼표자원개발주식회사,Y,36637,36637,36637,36294,36294,
365,산업,1차 철강 제조업,홍덕산업(주),N,99471,99471,99471,98539,98539,
366,산업,합성고무 및 플라스틱 물질 제조업,케이알코폴리머 유한회사,N,30990,30990,30990,30700,30700,
367,산업,"시멘트, 석회, 플라스터 및 그 외 제품 제조업",광진산업(주),N,87192,87192,87192,86375,86375,
368,산업,"시멘트, 석회, 플라스터 및 그 외 제품 제조업",주식회사 정선라임,N,88430,88430,88430,87602,87602,
369,산업,기초 화학물질 제조업,어프로티움 주식회사,N,252895,252895,252895,250527,250527,
370,건물,일반 및 생활 숙박시설 운영업,주식회사 파라다이스세가사미,Y,37028,37028,37028,35993,35993,
371,건물,고등 교육기관,학교법인 건국대학교,N,26764,26764,26764,26016,26016,
372,건물,고등 교육기관,울산과학기술원,N,31075,31075,31075,30206,30206,
373,건물,종합 소매업,홈플러스 주식회사,Y,484811,484811,484811,471260,471260,
374,건물,부동산 임대 및 공급업,주식회사 스타필드하남,Y,30027,30027,30027,29188,29188,
375,산업,"펄프, 종이 및 판지 제조업",신창제지공업주식회사,N,36758,36758,36758,36414,36414,
376,산업,"펄프, 종이 및 판지 제조업",영풍제지(주),N,117282,117282,117282,116184,116184,
377,산업,기초 화학물질 제조업,백광산업 주식회사,N,220601,220601,220601,218535,218535,
378,산업,반도체 제조업,시그네틱스(주),N,45917,45917,45917,45486,45486,
379,폐기물,폐기물 처리업,경산시,N,0,0,50571,47626,47626,
380,폐기물,폐기물 처리업,강릉시,N,0,0,62813,59155,59155,
381,산업,기타 금속 가공제품 제조업,주식회사 피에스엠,Y,0,0,32442,32138,32138,
382,수송,도로 화물 운송업,(주)한익스프레스,Y,0,0,27684,27684,27684,
383,폐기물,"하수, 폐수 및 분뇨 처리업",세종특별자치시,N,0,0,0,37038,37038,
384,폐기물,폐기물 처리업,한세이프에너지(주),N,0,0,0,46128,46128,
385,폐기물,폐기물 처리업,주식회사 그린밸리,N,0,0,0,34332,34332,
386,전환,전기업,경기그린에너지(주),Y,0,0,0,0,140242,
387,건물,고등 교육기관,부산대학교,N,0,0,0,0,30614,
388,건물,보관 및 창고업,쿠팡풀필먼트서비스 유한회사,Y,0,0,0,0,220592,
389,수송,도로 화물 운송업,쿠팡로지스틱스서비스 유한회사,Y,0,0,0,0,110791,
390,건물,일반 및 생활 숙박시설 운영업,롯데관광개발 주식회사,Y,0,0,0,0,32219,
391,건물,기타 운송관련 서비스업,에이치엠엠피에스에이신항만(주),Y,0,0,0,0,27657,
392,산업,1차 비철금속 제조업,하이호경금속 주식회사,N,48174,48174,48174,47722,47722,
393,산업,1차 비철금속 제조업,주식회사 디에스단석,N,51387,51387,51387,50906,50906,
394,산업,전자 부품 제조업,한국경남태양유전(주),N,75756,75756,75756,75046,75046,
395,산업,반도체 제조업,주식회사 에스에프에이반도체,N,31672,31672,31672,31375,31375,
396,산업,기초 화학물질 제조업,금호피앤비화학 주식회사,N,886324,886324,886324,878023,878023,
397,산업,기초 화학물질 제조업,(주)제이엠씨,N,36613,36613,36613,36270,36270,
398,산업,기타 금속 가공제품 제조업,서한이앤피주식회사,Y,50714,50714,50714,50239,50239,
399,전환,"증기, 냉ㆍ온수 및 공기 조절 공급업",주식회사 에코비트에너지울산,Y,147000,147000,147000,141714,141714,
400,전환,"증기, 냉ㆍ온수 및 공기 조절 공급업",부산패션칼라산업협동조합,Y,114038,114038,114038,109938,109938,
401,전환,연료용 가스 제조 및 배관공급업,한국가스공사,Y,632805,632805,632805,585773,585773,
402,전환,"증기, 냉ㆍ온수 및 공기 조절 공급업",보임열병합발전 주식회사,Y,708080,708080,708080,682620,682620,
403,폐기물,폐기물 처리업,대일개발 주식회사,N,47695,47695,47695,44918,44918,
404,폐기물,폐기물 처리업,김해시,N,97431,97431,97431,91757,91757,
405,폐기물,"하수, 폐수 및 분뇨 처리업",부천시,N,141378,141378,141378,133144,133144,
406,산업,자동차용 엔진 및 자동차 제조업,케이지모빌리티 주식회사,Y,143453,143453,143453,142109,142109,
407,산업,석유 정제품 제조업,S-Oil(주),N,8582845,8582845,8582845,8502460,8502460,
408,수송,육상 여객 운송업,금호고속(주),N,183521,183521,183521,183521,183521,
409,수송,도로 화물 운송업,(주)동방,Y,45192,45192,45192,45192,45192,
410,산업,합성고무 및 플라스틱 물질 제조업,에스케이케미칼(주),N,530173,530173,530173,525208,525208,
411,산업,기초 화학물질 제조업,버슘머트리얼즈피엠코리아,N,30940,30940,30940,30650,30650,
412,산업,기타 식품 제조업,주식회사 에스피씨삼립,Y,37835,37835,37835,37481,37481,
413,산업,기초 화학물질 제조업,주식회사 에어퍼스트,N,591313,591313,591313,585775,585775,
414,산업,1차 철강 제조업,태경산업(주),N,130683,130683,130683,129459,129459,
415,산업,기초 화학물질 제조업,한국바스프 주식회사,N,671667,671667,671667,665376,665376,
416,산업,합성고무 및 플라스틱 물질 제조업,한국이네오스스티롤루션 주식회사,N,89308,89308,89308,88472,88472,
417,산업,플라스틱 제품 제조업,주식회사 삼양패키징,Y,160879,160879,160879,159372,159372,
418,산업,"시멘트, 석회, 플라스터 및 그 외 제품 제조업",한국씨엔티(주),N,57393,57393,57393,56856,56856,
419,산업,1차 철강 제조업,현대비앤지스틸(주),N,92977,92977,92977,92106,92106,
420,산업,1차 철강 제조업,포스코스틸리온(주),N,128605,128605,128605,127401,127401,
421,산업,전자 부품 제조업,엘지이노텍 주식회사,N,387310,387310,387310,383683,383683,
422,산업,유리 및 유리제품 제조업,삼성코닝어드밴스드글라스 유한회사,N,59567,59567,59567,59009,59009,
423,산업,"펄프, 종이 및 판지 제조업",무림피앤피(주),N,571325,571325,571325,565974,565974,
424,전환,"증기, 냉ㆍ온수 및 공기 조절 공급업",씨엔씨티에너지 주식회사,Y,40305,40305,40305,50989,50989,
425,전환,"증기, 냉ㆍ온수 및 공기 조절 공급업",군장에너지주식회사,Y,2880738,2880738,2880738,2777157,2777157,
426,전환,전기업,포스코에너지(주),Y,3968179,3968179,3968179,5711680,5711680,
427,전환,전기업,한국수력원자력,Y,3268856,3268856,3268856,3025907,3025907,
428,전환,"증기, 냉ㆍ온수 및 공기 조절 공급업",한국지역난방공사,Y,6021233,6021233,6021233,7664785,7664785,
429,수송,육상 여객 운송업,인천교통공사,N,91836,91836,91836,91836,91836,
430,수송,육상 여객 운송업,(주)금남고속,N,39040,39040,39040,39040,39040,
431,수송,육상 여객 운송업,주식회사 명성,N,33017,33017,33017,33017,33017,
432,수송,육상 여객 운송업,삼영운수(주),N,35613,35613,35613,35613,35613,
433,수송,육상 여객 운송업,강원고속,N,25574,25574,25574,25574,25574,
434,수송,해상 운송업,(주)세주,Y,30871,30871,30871,30871,30871,
435,수송,육상 여객 운송업,신분당선(주),N,33779,33779,33779,33779,33779,
436,산업,"시멘트, 석회, 플라스터 및 그 외 제품 제조업",케이씨씨,N,712625,712625,712625,705951,705951,
437,산업,"내화, 비내화 요업제품 제조업",유니온머티리얼(주),N,41139,41139,41139,40754,40754,
438,산업,유리 및 유리제품 제조업,코닝정밀소재 주식회사,N,587432,587432,587432,581930,581930,
439,산업,1차 비철금속 제조업,주식회사 세진메탈,N,32307,32307,32307,32005,32005,
440,산업,기타 식품 제조업,(주)오리온,Y,73185,73185,73185,72500,72500,
441,산업,자동차 신품 부품 제조업,(주)진합,Y,29446,29446,29446,29170,29170,
442,산업,"컴퓨터 프로그래밍, 시스템 통합 및 관리업",(주)엘지씨엔에스,Y,26599,26599,26599,26350,26350,
443,산업,1차 철강 제조업,(주)세아제강,N,70568,70568,70568,69907,69907,
444,건물,고등 교육기관,전남대학교,N,35700,35700,35700,34702,34702,
445,산업,기초 화학물질 제조업,금호미쓰이화학 주식회사,N,121754,121754,121754,120614,120614,
446,산업,기초 화학물질 제조업,롯데이네오스화학 주식회사,N,170058,170058,170058,168465,168465,
447,산업,플라스틱 제품 제조업,(주)필맥스,Y,28992,28992,28992,28721,28721,
448,산업,"구조용 금속제품, 탱크 및 증기발생기 제조업",남양금속주식회사,Y,112098,112098,112098,111049,111049,
449,건물,종합 소매업,(주)이마트,Y,571780,571780,571780,555798,555798,
450,산업,합성고무 및 플라스틱 물질 제조업,롯데베르살리스엘라스토머스(주),N,75339,75339,75339,74633,74633,
451,산업,1차 철강 제조업,(주)코스틸,N,55306,55306,55306,54788,54788,
452,산업,합성고무 및 플라스틱 물질 제조업,금호석유화학 주식회사,N,3327241,3327241,3327241,3296079,3296079,
453,산업,자동차 신품 부품 제조업,(주)코다코,Y,27069,27069,27069,26816,26816,
454,산업,전기 통신업,SKbroadband(주),Y,312482,312482,312482,309556,309556,
455,산업,금속 주조업,(주)풍정주공,Y,32832,32832,32832,32525,32525,
456,산업,금속 주조업,영화금속(주),Y,106547,106547,106547,105549,105549,
457,폐기물,폐기물 처리업,춘천시,N,111285,111285,111285,104804,104804,
458,산업,"내화, 비내화 요업제품 제조업",(주)삼현,N,25730,25730,25730,25489,25489,
459,산업,1차 철강 제조업,한국철강,N,491933,491933,491933,487325,487325,
460,건물,유원지 및 기타 오락관련 서비스업,(주)강원랜드,Y,80983,80983,80983,78719,78719,
461,폐기물,폐기물 처리업,보령시,N,33457,33457,33457,31509,31509,
462,폐기물,폐기물 처리업,비노텍 주식회사,N,75362,75362,75362,70973,70973,
463,산업,1차 철강 제조업,주식회사 디비메탈,N,916540,916540,916540,907956,907956,
464,산업,"시멘트, 석회, 플라스터 및 그 외 제품 제조업",성신씨엠 주식회사,N,26592,26592,26592,26343,26343,
465,산업,기초 화학물질 제조업,솔베이실리카코리아(주),N,0,35062,35062,34733,34733,
466,건물,기타 운송관련 서비스업,인천국제공항공사,Y,259966,259966,259966,252699,252699,
467,산업,1차 철강 제조업,고려강선(주),N,103937,103937,103937,102964,102964,
468,산업,기초 화학물질 제조업,주식회사 유니드,N,527641,527641,527641,522700,522700,
469,산업,반도체 제조업,에스케이하이닉스 주식회사,N,4420747,4420747,4420747,4379344,4379344,
470,전환,전기업,신평택발전(주),Y,0,2102834,2102834,3048291,3048291,
471,폐기물,폐기물 처리업,김포시,N,0,21691,21691,20428,20428,
472,폐기물,폐기물 처리업,목포시,N,0,38499,38499,36257,36257,
473,수송,육상 여객 운송업,경원여객자동차(주),N,0,49686,49686,49686,49686,
474,수송,육상 여객 운송업,신성교통(주),N,0,27777,27777,27777,27777,
475,수송,도로 화물 운송업,(주)유성티엔에스,Y,0,42400,42400,42400,42400,
476,폐기물,폐기물 처리업,포천시,N,0,0,55498,52265,52265,
477,수송,해상 운송업,삼표해운주식회사,Y,0,0,74889,74889,74889,
478,폐기물,폐기물 처리업,부경산업(주),N,0,0,0,87605,87605,
479,폐기물,폐기물 처리업,이도에코전주(주),N,0,0,0,34939,34939,
480,산업,"비료, 농약 및 살균ㆍ살충제 제조업",케이지케미칼 주식회사,N,0,0,0,23685,23685,
481,폐기물,폐기물 처리업,에이치엘비에너지㈜,N,0,0,0,0,22442,
482,산업,기초 화학물질 제조업,그린에어 주식회사,N,0,0,0,0,643127,
483,산업,특수 목적용 기계 제조업,(주)원익아이피에스,Y,0,0,0,0,34358,
484,수송,항공 여객 운송업,(주)이스타항공,Y,164771,164771,164771,164771,164771,
485,산업,1차 비철금속 제조업,주식회사 지알엠,N,92801,92801,92801,91932,91932,
486,산업,"펄프, 종이 및 판지 제조업",(주)아진피앤피,N,113192,113192,113192,112132,112132,
487,산업,합성고무 및 플라스틱 물질 제조업,디엘 주식회사,N,213560,213560,213560,211560,211560,
488,산업,기초 화학물질 제조업,디아이지에어가스 주식회사,N,888223,888223,888223,879904,879904,
489,전환,전기업,씨지앤율촌전력 주식회사,Y,2413782,2413782,2413782,3455124,3455124,
490,전환,전기업,한국전력공사,Y,1129868,1129868,1129868,1045894,1045894,
491,전환,"증기, 냉ㆍ온수 및 공기 조절 공급업",케이알에너지(주),Y,54186,54186,54186,52238,52238,
492,폐기물,폐기물 처리업,익산시,N,78614,78614,78614,74036,74036,
493,폐기물,폐기물 처리업,주식회사 범우,N,63036,63036,63036,59365,59365,
494,폐기물,폐기물 처리업,파주시,N,125277,125277,125277,117981,117981,
495,폐기물,"하수, 폐수 및 분뇨 처리업",김천시,N,38966,38966,38966,36697,36697,
496,폐기물,폐기물 처리업,수도권매립지관리공사,N,1261228,1261228,1261228,1187773,1187773,
497,폐기물,"하수, 폐수 및 분뇨 처리업",안양시,N,80500,80500,80500,75812,75812,
498,폐기물,폐기물 처리업,아산시,N,32579,32579,32579,30682,30682,
499,폐기물,폐기물 처리업,(주)이알지서비스,N,78624,78624,78624,74045,74045,
500,산업,자동차 신품 부품 제조업,부산주공(주),Y,125801,125801,125801,124623,124623,
501,산업,기타 식품 제조업,삼양식품(주),Y,34369,34369,34369,34047,34047,
502,산업,"펄프, 종이 및 판지 제조업",무림페이퍼(주),N,228848,228848,228848,226704,226704,
503,산업,기초 의약 물질 및 생물학적 제제 제조업,셀트리온,N,50235,50235,50235,49765,49765,
504,산업,석유 정제품 제조업,에이치디현대오일뱅크,N,6679610,6679610,6679610,6617050,6617050,
505,수송,육상 여객 운송업,서울교통공사,N,745703,745703,745703,745703,745703,
506,수송,도로 화물 운송업,도명특송(주),Y,27777,27777,27777,27777,27777,
507,산업,유리 및 유리제품 제조업,생고뱅이소바코리아 주식회사,N,36666,36666,36666,36323,36323,
508,산업,알코올 음료 제조업,하이트진로(주),Y,149586,149586,149586,148185,148185,
509,산업,석탄 광업,(주)경동,N,214130,214130,214130,212124,212124,
510,산업,화학섬유 제조업,휴비스,N,530153,530153,530153,525188,525188,
511,산업,플라스틱 제품 제조업,한국니토옵티칼(주),Y,35168,35168,35168,34839,34839,
512,산업,"내화, 비내화 요업제품 제조업",이누스 주식회사,N,69856,69856,69856,69202,69202,
513,산업,"시멘트, 석회, 플라스터 및 그 외 제품 제조업",주식회사 에스피에스엔에이,N,28588,28588,28588,28320,28320,
514,산업,유리 및 유리제품 제조업,(주)엘엑스글라스,N,277121,277121,277121,274525,274525,
515,산업,플라스틱 제품 제조업,피아이첨단소재 주식회사,Y,99653,99653,99653,98720,98720,
516,산업,1차 비철금속 제조업,주식회사 대호에이엘,N,31086,31086,31086,30795,30795,
517,산업,반도체 제조업,에스케이실트론 주식회사,N,338766,338766,338766,335593,335593,
518,산업,"펄프, 종이 및 판지 제조업",한국제지 주식회사,N,161524,161524,161524,160011,160011,
519,산업,"펄프, 종이 및 판지 제조업",무림에스피(주),N,54855,54855,54855,54341,54341,
520,산업,전자 부품 제조업,엘앤에프,N,31184,31184,31184,30892,30892,
521,전환,전기업,한국남부발전 주식회사,Y,31572474,31572474,31572474,26668701,26668701,
522,전환,"증기, 냉ㆍ온수 및 공기 조절 공급업",주식회사 지에스이앤알,Y,1998119,1998119,1998119,1926274,1926274,
523,전환,"증기, 냉ㆍ온수 및 공기 조절 공급업",한국토지주택공사,Y,175647,175647,175647,207045,207045,
524,수송,항공 여객 운송업,대한항공,Y,559182,559182,559182,559182,559182,
525,수송,육상 여객 운송업,부산교통공사,N,189777,189777,189777,189777,189777,
526,수송,육상 여객 운송업,소신여객자동차(주),N,31519,31519,31519,31519,31519,
527,수송,육상 여객 운송업,(주)대원버스,N,33034,33034,33034,33034,33034,
528,수송,도로 화물 운송업,CJ대한통운(주),Y,243430,243430,243430,243430,243430,
529,수송,도로 화물 운송업,(주)농협물류,Y,32958,32958,32958,32958,32958,
530,수송,도로 화물 운송업,(주)유진로지스틱스,Y,34930,34930,34930,34930,34930,
531,산업,"비료, 농약 및 살균ㆍ살충제 제조업",주식회사 팜한농,N,330799,330799,330799,327700,327700,
532,산업,반도체 제조업,에이치디현대에너지솔루션(주),N,41151,41151,41151,40765,40765,
533,산업,"시멘트, 석회, 플라스터 및 그 외 제품 제조업",대성지엠텍(주),N,131317,131317,131317,130088,130088,
534,건물,병원,서울대학교병원,N,82102,82102,82102,79807,79807,
535,건물,고등 교육기관,학교법인 이화학당,N,33794,33794,33794,32850,32850,
536,건물,종합 소매업,주식회사 이랜드리테일,Y,187193,187193,187193,181961,181961,
537,산업,유리 및 유리제품 제조업,(주)벽산,N,89769,89769,89769,88928,88928,
538,건물,종합 소매업,(주)현대백화점,Y,158993,158993,158993,154549,154549,
539,산업,"펄프, 종이 및 판지 제조업",대한제지주식회사,N,212726,212726,212726,210734,210734,
540,건물,병원,사회복지법인 삼성생명공익재단,N,85763,85763,85763,83365,83365,
541,산업,기타 식품 제조업,(주)오뚜기,Y,56281,56281,56281,55754,55754,
542,산업,1차 비철금속 제조업,이구산업(주),N,33716,33716,33716,33400,33400,
543,산업,합성고무 및 플라스틱 물질 제조업,도레이첨단소재 주식회사,N,684973,684973,684973,678558,678558,
544,건물,부동산 임대 및 공급업,동국홀딩스 주식회사,N,2009378,2009378,2009378,1990559,1990559,
545,산업,플라스틱 제품 제조업,주식회사 엘엑스하우시스,Y,158283,158283,158283,156800,156800,
546,산업,반도체 제조업,서울바이오시스(주),N,93984,93984,93984,93104,93104,
547,폐기물,폐기물 처리업,주식회사 이엠케이승경,N,54515,54515,54515,51340,51340,
548,공공ㆍ기타,수도업,한국수자원공사,Y,682585,682585,682585,662298,662298,
549,산업,"펄프, 종이 및 판지 제조업",홍원제지(주),N,118283,118283,118283,117176,117176,
550,산업,일차전지 및 축전지 제조업,현대성우쏠라이트 주식회사,N,41238,41238,41238,40851,40851,
551,전환,"증기, 냉ㆍ온수 및 공기 조절 공급업",디에스파워 주식회사,Y,1181521,1181521,1181521,1689826,1689826,
552,폐기물,폐기물 처리업,시흥시,N,104220,104220,104220,98150,98150,
553,산업,"시멘트, 석회, 플라스터 및 그 외 제품 제조업",한일현대시멘트 주식회사,N,3637738,3637738,3637738,3603668,3603668,
554,산업,자동차용 엔진 및 자동차 제조업,한국지엠 주식회사,Y,275924,275924,275924,273340,273340,
555,산업,석탄 광업,대한석탄공사,N,283863,283863,283863,281205,281205,
556,산업,"펄프, 종이 및 판지 제조업",한솔페이퍼텍주식회사,N,88471,88471,88471,87642,87642,
557,산업,"시멘트, 석회, 플라스터 및 그 외 제품 제조업",(주)유니온,N,165772,165772,165772,164220,164220,
558,산업,기초 화학물질 제조업,케이씨주식회사,N,161283,161283,161283,159772,159772,
559,산업,1차 철강 제조업,한국제강 주식회사,N,270027,270027,270027,267498,267498,
560,산업,기초 화학물질 제조업,미원스페셜티케미칼(주),N,35965,35965,35965,35628,35628,
561,산업,플라스틱 제품 제조업,한국쓰리엠(주),Y,0,31692,31692,31396,31396,
562,산업,1차 철강 제조업,동일산업주식회사,N,313962,313962,313962,311021,311021,
563,산업,절연선 및 케이블 제조업,(주)삼동,Y,45198,45198,45198,44775,44775,
564,산업,화학섬유 제조업,이스트만화이버코리아 주식회사,N,49622,49622,49622,49157,49157,
565,산업,전자 부품 제조업,영풍전자(주),N,109139,109139,109139,108117,108117,
566,산업,반도체 제조업,엠이엠씨코리아주식회사,N,125508,125508,125508,124333,124333,
567,산업,기초 화학물질 제조업,삼남석유화학주식회사,N,204972,204972,204972,203052,203052,
568,산업,전기 통신업,엘지유플러스(주),Y,1293252,1293252,1293252,1281139,1281139,
569,산업,절연선 및 케이블 제조업,엘에스전선 주식회사,Y,146013,146013,146013,144645,144645,
570,산업,기타 비금속 광물제품 제조업,(주)티씨케이,Y,0,0,36608,36265,36265,
571,산업,자동차 신품 부품 제조업,명화공업(주),Y,0,0,28458,28191,28191,
572,산업,"펄프, 종이 및 판지 제조업",남강제지(주),N,0,0,27792,27532,27532,
573,전환,"증기, 냉ㆍ온수 및 공기 조절 공급업",주식회사 지에스포천그린에너지,Y,0,0,765821,738285,738285,
574,폐기물,폐기물 처리업,(주)케이비아이텍,N,0,0,0,114034,114034,
575,폐기물,폐기물 처리업,한국환경개발(주),N,0,0,0,82706,82706,
576,산업,합성고무 및 플라스틱 물질 제조업,울산피피주식회사,N,0,0,0,41064,41064,
577,산업,알코올 음료 제조업,서영주정(주),Y,0,0,0,0,32716,
578,산업,나무제품 제조업,(주)신영포르투,Y,0,0,0,0,48343,
579,전환,전기업,주식회사 케이피이그린에너지,Y,0,0,0,0,46591,
580,건물,기타 운송관련 서비스업,부산신항국제터미널(주),Y,0,0,0,0,29977,
581,공공ㆍ기타,수도업,경기도 광주시,Y,0,0,0,0,49419,
582,산업,"곡물 가공품, 전분 및 전분제품 제조업",대상 주식회사,N,548094,548094,548094,542961,542961,
583,산업,"펄프, 종이 및 판지 제조업",(주)미래페이퍼,N,64183,64183,64183,63582,63582,
584,산업,"펄프, 종이 및 판지 제조업",(주)한창제지,N,135793,135793,135793,134521,134521,
585,산업,고무제품 제조업,넥센타이어(주),Y,219295,219295,219295,217241,217241,
586,전환,"증기, 냉ㆍ온수 및 공기 조절 공급업",(주)한주,Y,1367671,1367671,1367671,1318495,1318495,
587,폐기물,폐기물 처리업,주식회사 명성환경,N,29765,29765,29765,28031,28031,
588,폐기물,폐기물 처리업,통영시,N,26777,26777,26777,25218,25218,
589,공공ㆍ기타,수도업,베올리아워터코리아대산(주),Y,82726,82726,82726,80267,80267,
590,폐기물,폐기물 처리업,제주특별자치도,N,432644,432644,432644,407447,407447,
591,전환,전기업,(주)지에스동해전력,Y,5371577,5371577,5371577,3967901,3967901,
592,산업,기초 화학물질 제조업,에스케이에어플러스 주식회사,N,223571,223571,223571,221478,221478,
593,산업,"펄프, 종이 및 판지 제조업",신대양제지반월(주),N,100749,100749,100749,99805,99805,
594,산업,"펄프, 종이 및 판지 제조업",송학제지(주),N,34435,34435,34435,34113,34113,
595,산업,플라스틱 제품 제조업,율촌화학(주),Y,53088,53088,53088,52591,52591,
596,수송,육상 여객 운송업,(주)전북고속,N,31475,31475,31475,31475,31475,
597,수송,육상 여객 운송업,(주)선진운수,N,27820,27820,27820,27820,27820,
598,산업,유리 및 유리제품 제조업,아반스트레이트코리아 주식회사,N,30653,30653,30653,30366,30366,
599,산업,화학섬유 제조업,효성티앤씨 주식회사,N,416429,416429,416429,412529,412529,
600,산업,"펄프, 종이 및 판지 제조업",주식회사 전주페이퍼,N,519508,519508,519508,514642,514642,
601,산업,유리 및 유리제품 제조업,한국오웬스코닝(주),N,89954,89954,89954,89111,89111,
602,산업,"시멘트, 석회, 플라스터 및 그 외 제품 제조업",현대석회(주),N,105146,105146,105146,104161,104161,
603,산업,"시멘트, 석회, 플라스터 및 그 외 제품 제조업",(주)삼표산업,N,140627,140627,140627,139310,139310,
604,산업,1차 비철금속 제조업,능원금속공업 주식회사,N,31232,31232,31232,30940,30940,
605,산업,전자 부품 제조업,일진디스플레이(주),N,28747,28747,28747,28478,28478,
606,산업,기타 금속 가공제품 제조업,삼흥열처리,Y,31240,31240,31240,30947,30947,
607,전환,"증기, 냉ㆍ온수 및 공기 조절 공급업",대전열병합발전주식회사,Y,322507,322507,322507,310911,310911,
608,전환,"증기, 냉ㆍ온수 및 공기 조절 공급업",무림파워텍 주식회사,Y,250813,250813,250813,241795,241795,
609,전환,"증기, 냉ㆍ온수 및 공기 조절 공급업",에너원(주),Y,36120,36120,36120,34821,34821,
610,전환,전기업,한국중부발전,Y,33133199,33133199,33133199,28272099,28272099,
611,수송,육상 여객 운송업,(주)경기고속,N,181536,181536,181536,181536,181536,
612,수송,육상 여객 운송업,용남고속(주),N,31290,31290,31290,31290,31290,
613,수송,육상 여객 운송업,(주)대원운수,N,37885,37885,37885,37885,37885,
614,수송,해상 운송업,케이엠씨해운 주식회사,Y,54710,54710,54710,54710,54710,
615,수송,철도 운송업,주식회사 에스알,N,186836,186836,186836,186836,186836,
616,산업,기타 화학제품 제조업,코스모신소재(주),Y,34814,34814,34814,34488,34488,
617,산업,일차전지 및 축전지 제조업,한국유미코아배터리머티리얼즈 유한책임회사,N,143346,143346,143346,142004,142004,
618,산업,"시멘트, 석회, 플라스터 및 그 외 제품 제조업",삼표시멘트,N,6601986,6601986,6601986,6540153,6540153,
619,산업,"시멘트, 석회, 플라스터 및 그 외 제품 제조업",(주)대유코아,N,75548,75548,75548,74841,74841,
620,산업,자동차 신품 부품 제조업,에이치엘만도 주식회사,Y,115741,115741,115741,114657,114657,
621,산업,선박 및 보트 건조업,한화오션(주),N,439593,439593,439593,435476,435476,
622,산업,"펄프, 종이 및 판지 제조업",동일팩키지(주),N,51968,51968,51968,51481,51481,
623,산업,자동차 신품 부품 제조업,(주)일진글로벌,Y,43195,43195,43195,42791,42791,
624,건물,고등 교육기관,학교법인 고려중앙학원,N,99974,99974,99974,97180,97180,
625,산업,일반 목적용 기계 제조업,한화엔진 주식회사,Y,29759,29759,29759,29480,29480,
626,산업,"펄프, 종이 및 판지 제조업",(주)모나리자,N,41849,41849,41849,41457,41457,
627,산업,플라스틱 제품 제조업,(주)화승케미칼,Y,30864,30864,30864,30575,30575,
628,산업,"펄프, 종이 및 판지 제조업",동원페이퍼(주),N,97380,97380,97380,96468,96468,
629,산업,선박 및 보트 건조업,(주)케이조선,N,49129,49129,49129,48669,48669,
630,산업,1차 철강 제조업,(주)티씨씨스틸,N,29781,29781,29781,29502,29502,
631,산업,유리 및 유리제품 제조업,주식회사 케이씨씨글라스,N,860887,860887,860887,852824,852824,
632,산업,기초 화학물질 제조업,한화솔루션 주식회사,N,3006807,3006807,3006807,2978646,2978646,
633,산업,1차 철강 제조업,(주)세아씨엠,N,66254,66254,66254,65634,65634,
634,산업,자동차 신품 부품 제조업,(주)동서기공,Y,42052,42052,42052,41658,41658,
635,산업,1차 철강 제조업,고려제강(주),N,124884,124884,124884,123714,123714,
636,산업,기초 화학물질 제조업,롯데케미칼 주식회사,N,6886700,6886700,6886700,6822201,6822201,
637,산업,"펄프, 종이 및 판지 제조업",아세아제지(주),N,589123,589123,589123,583605,583605,
638,산업,방적 및 가공사 제조업,"일신방직(주) ",N,95849,95849,95849,94951,94951,
639,폐기물,"하수, 폐수 및 분뇨 처리업",제천시,N,47317,47317,47317,44561,44561,
640,폐기물,폐기물 처리업,울산광역시,N,251733,251733,251733,237072,237072,
641,산업,자동차 신품 부품 제조업,대원알텍 주식회사,Y,43865,43865,43865,43455,43455,
642,산업,기초 화학물질 제조업,태광산업 주식회사,N,1123808,1123808,1123808,1113283,1113283,
643,산업,"시멘트, 석회, 플라스터 및 그 외 제품 제조업",쌍용씨앤이(주),N,10678954,10678954,10678954,10578938,10578938,
644,산업,"시멘트, 석회, 플라스터 및 그 외 제품 제조업",대성엠디아이(주),N,162823,162823,162823,161298,161298,
645,전환,"증기, 냉ㆍ온수 및 공기 조절 공급업",대구그린파워(주),Y,931030,931030,931030,1326362,1326362,
646,전환,"증기, 냉ㆍ온수 및 공기 조절 공급업",(주)엔이티,Y,49326,49326,49326,47552,47552,
647,전환,연료용 가스 제조 및 배관공급업,보령엘엔지터미널 주식회사,Y,36032,36032,36032,33354,33354,
648,폐기물,폐기물 처리업,고양시,N,126607,126607,126607,119233,119233,
649,산업,1차 철강 제조업,주식회사 심팩인더스트리,N,229339,229339,229339,227191,227191,
650,산업,기초 화학물질 제조업,티케이지휴켐스 주식회사,N,52738,52738,52738,52244,52244,
651,산업,1차 철강 제조업,(주)한국특강,N,233595,233595,233595,231407,231407,
652,산업,1차 비철금속 제조업,삼보산업 주식회사,N,27407,27407,27407,27151,27151,
653,산업,화학섬유 제조업,에이치에스효성첨단소재(주),N,263958,263958,263958,261486,261486,
654,산업,1차 비철금속 제조업,에스케이넥실리스 주식회사,N,118071,118071,118071,116965,116965,
655,산업,의약품 제조업,한미약품(주),Y,30604,30604,30604,30317,30317,
656,산업,일차전지 및 축전지 제조업,삼성에스디아이 주식회사,N,592957,592957,592957,587404,587404,
657,산업,합성고무 및 플라스틱 물질 제조업,코오롱바스프이노폼 주식회사,N,0,96396,96396,95493,95493,
658,건물,고등 교육기관,한국과학기술원,N,76116,76116,76116,73989,73989,
659,건물,병원,재단법인 아산사회복지재단,N,89353,89353,89353,86855,86855,
660,건물,고등 교육기관,학교법인 연세대학교,N,169683,169683,169683,164941,164941,
661,건물,고등 교육기관,충남대학교,N,29374,29374,29374,28553,28553,
662,산업,반도체 제조업,엠코테크놀로지코리아(주),N,216642,216642,216642,214613,214613,
663,산업,자동차 신품 부품 제조업,브이피에이치메탈 유한회사,Y,34605,34605,34605,34281,34281,
664,산업,기타 화학제품 제조업,에스케이에코프라임 주식회사,Y,35268,35268,35268,34938,34938,
665,산업,반도체 제조업,에스케이하이닉스 시스템아이씨(주),N,285141,285141,285141,282471,282471,
666,산업,기초 화학물질 제조업,에이치디현대오씨아이 주식회사,N,0,322560,322560,319539,319539,
667,산업,특수 목적용 기계 제조업,세메스(주),Y,0,29176,29176,28902,28902,
668,산업,일차전지 및 축전지 제조업,도레이비에스에프코팅한국 유한회사,N,0,116149,116149,115061,115061,
669,산업,반도체 제조업,LB세미콘(주),N,0,0,27824,27563,27563,
670,산업,선박 및 보트 건조업,삼강에스앤씨(주),N,0,0,31224,30932,30932,
671,산업,일차전지 및 축전지 제조업,에스티엠 주식회사,N,0,0,59988,59426,59426,
672,폐기물,폐기물 처리업,리뉴에너지경북 주식회사,N,0,0,0,59080,59080,
673,폐기물,폐기물 처리업,(주)보림씨에스,N,0,0,0,52725,52725,
674,폐기물,폐기물 처리업,광양시,N,0,0,0,26977,26977,
675,산업,기초 화학물질 제조업,선도화학(주),N,0,0,0,0,31933,
676,산업,합성고무 및 플라스틱 물질 제조업,삼양화인테크놀로지(주),N,0,0,0,0,32127,
677,산업,의약품 제조업,주식회사 에이프로젠바이오로직스,Y,0,0,0,0,35568,
678,산업,1차 비철금속 제조업,스틸싸이클에스씨(주),N,0,0,0,0,80774,
679,전환,전기업,씨지앤대산전력(주),Y,0,0,0,0,22860,
680,전환,전기업,인천연료전지(주),Y,0,0,0,0,120028,
681,수송,항공 여객 운송업,에어서울 주식회사,Y,0,0,0,0,74325,
682,폐기물,폐기물 처리업,리뉴에너지새한 주식회사,N,0,0,0,70016,70016,
683,산업,"항공기, 우주선 및 부품 제조업",한국항공우주산업(주),Y,55497,55497,55497,54978,54978,
684,산업,반도체 제조업,하나마이크론,N,32410,32410,32410,32107,32107,
685,산업,"펄프, 종이 및 판지 제조업",경산제지 주식회사,N,98298,98298,98298,97377,97377,
686,산업,"펄프, 종이 및 판지 제조업",국일제지(주),N,51205,51205,51205,50726,50726,
687,산업,합성고무 및 플라스틱 물질 제조업,금호폴리켐주식회사,N,294472,294472,294472,291714,291714,
688,산업,기초 화학물질 제조업,롯데정밀화학 주식회사,N,698408,698408,698408,691867,691867,
689,산업,1차 철강 제조업,대한제강(주),N,507841,507841,507841,503085,503085,
690,산업,1차 철강 제조업,두산에너빌리티(주),N,260526,260526,260526,258086,258086,
691,산업,일반 목적용 기계 제조업,셰플러코리아 유한책임회사,Y,110011,110011,110011,108981,108981,
692,폐기물,폐기물 처리업,용인시,N,137282,137282,137282,129287,129287,
693,폐기물,"하수, 폐수 및 분뇨 처리업",원주시,N,50457,50457,50457,47519,47519,
694,폐기물,폐기물 처리업,청주시,N,176515,176515,176515,166234,166234,
695,폐기물,폐기물 처리업,충주시,N,79512,79512,79512,74881,74881,
696,폐기물,폐기물 처리업,주식회사 유니큰,N,110586,110586,110586,104145,104145,
697,폐기물,"해체, 선별 및 원료 재생업",주식회사 피엔알,Y,106670,106670,106670,100457,100457,
698,산업,반도체 제조업,에이에스이코리아주식회사,N,98201,98201,98201,97281,97281,
699,폐기물,폐기물 처리업,(주)엔아이티,N,154724,154724,154724,145713,145713,
700,폐기물,폐기물 처리업,구리시,N,64844,64844,64844,61067,61067,
701,산업,비알코올 음료 및 얼음 제조업,롯데칠성음료 주식회사,Y,159047,159047,159047,157557,157557,
702,산업,"펄프, 종이 및 판지 제조업",신대양제지(주),N,210248,210248,210248,208279,208279,
703,산업,"펄프, 종이 및 판지 제조업",신대일페이퍼 주식회사,N,91814,91814,91814,90954,90954,
704,산업,합성고무 및 플라스틱 물질 제조업,삼양화성주식회사,N,108110,108110,108110,107098,107098,
705,산업,플라스틱 제품 제조업,"주식회사 삼영 ",Y,32792,32792,32792,32485,32485,
706,수송,육상 여객 운송업,(주)경북고속,N,56813,56813,56813,56813,56813,
707,수송,해상 운송업,(주)제양항공해운,Y,44619,44619,44619,44619,44619,
708,산업,기초 화학물질 제조업,울산아로마틱스(주),N,468249,468249,468249,463864,463864,
709,산업,자동차 신품 부품 제조업,핸즈식스주식회사,Y,72029,72029,72029,71355,71355,
710,산업,기타 섬유제품 제조업,주식회사 효성,Y,36267,36267,36267,35927,35927,
711,산업,기초 화학물질 제조업,주식회사 후성,N,397489,397489,397489,393766,393766,
712,산업,"내화, 비내화 요업제품 제조업",주식회사 대한세라믹스,N,43917,43917,43917,43505,43505,
713,산업,"시멘트, 석회, 플라스터 및 그 외 제품 제조업",(주)신동,N,81905,81905,81905,81138,81138,
714,산업,"시멘트, 석회, 플라스터 및 그 외 제품 제조업",태봉광업 주식회사,N,301014,301014,301014,298195,298195,
715,산업,자동차 신품 부품 제조업,한황산업주식회사,Y,31973,31973,31973,31674,31674,
716,산업,건물 건설업,삼성물산 주식회사,Y,139086,139086,139086,137783,137783,
717,산업,기초 화학물질 제조업,삼양이노켐 주식회사,N,81407,81407,81407,80644,80644,
718,산업,기초 화학물질 제조업,에스케이피아이씨글로벌 주식회사,N,528071,528071,528071,523125,523125,
719,산업,기초 화학물질 제조업,오씨아이홀딩스 주식회사,N,2568920,2568920,2568920,2544860,2544860,
720,전환,전기업,파주에너지서비스,Y,4291649,4291649,4291649,6229966,6229966,
721,전환,전기업,한국남동발전,Y,44189697,44189697,44189697,33286585,33286585,
722,수송,육상 여객 운송업,서울시메트로 9호선(주),N,47698,47698,47698,47698,47698,
723,수송,육상 여객 운송업,경원여객자동차(주),N,26539,26539,26539,26539,26539,
724,산업,"시멘트, 석회, 플라스터 및 그 외 제품 제조업",(주)우룡,N,158035,158035,158035,156555,156555,
725,산업,금속 주조업,파인트리포스마그네슘 주식회사,Y,68741,68741,68741,68097,68097,
726,산업,일차전지 및 축전지 제조업,도레이배터리세퍼레이터필름 한국유한회사,N,130584,130584,130584,129361,129361,
727,산업,자동차 신품 부품 제조업,대원강업(주),Y,26214,26214,26214,25968,25968,
728,산업,자동차 신품 부품 제조업,동양피스톤(주),Y,30183,30183,30183,29900,29900,
729,건물,일반 및 생활 숙박시설 운영업,주식회사 호텔롯데,Y,159458,159458,159458,155001,155001,
730,건물,고등 교육기관,재단법인 대구경북과학기술원,N,26671,26671,26671,25925,25925,
731,산업,의약품 제조업,JW 생명과학(주),Y,27013,27013,27013,26760,26760,
732,건물,고등 교육기관,국립대학법인 서울대학교,N,139399,139399,139399,135503,135503,
733,산업,일반 목적용 기계 제조업,두원중공업(주),Y,30853,30853,30853,30564,30564,
734,산업,나무제품 제조업,동화기업(주),Y,125968,125968,125968,124788,124788,
735,산업,"펄프, 종이 및 판지 제조업",대양제지공업(주),N,140615,140615,140615,139298,139298,
736,산업,1차 철강 제조업,현대제철 주식회사,N,29549997,29549997,29549997,29273239,29273239,
737,산업,기초 화학물질 제조업,(주)이수화학,N,330439,330439,330439,327344,327344,
738,산업,기타 식품 제조업,(주)MSC,Y,26838,26838,26838,26587,26587,
739,산업,기초 의약 물질 및 생물학적 제제 제조업,(주)종근당바이오,N,94512,94512,94512,93627,93627,
740,산업,고무제품 제조업,금호타이어(주),Y,279912,279912,279912,277291,277291,
741,산업,낙농제품 및 식용 빙과류 제조업,매일유업(주),Y,113281,113281,113281,112220,112220,
742,폐기물,폐기물 처리업,씨이케이 주식회사,N,203653,203653,203653,191792,191792,
743,폐기물,폐기물 처리업,진주시,N,38218,38218,38218,35993,35993,
744,폐기물,폐기물 처리업,창원시,N,251465,251465,251465,236819,236819,
745,산업,"펄프, 종이 및 판지 제조업",한국수출포장공업(주),N,126385,126385,126385,125202,125202,
746,전환,"증기, 냉ㆍ온수 및 공기 조절 공급업",전북집단에너지 주식회사,Y,156186,156186,156186,150570,150570,
747,전환,전기업,포천파워(주),Y,1206242,1206242,1206242,1767739,1767739,
748,전환,"증기, 냉ㆍ온수 및 공기 조절 공급업",춘천에너지 주식회사,Y,1000582,1000582,1000582,1451369,1451369,
749,전환,전기업,코스포영남파워 주식회사,Y,1079823,1079823,1079823,1567725,1567725,
750,전환,"증기, 냉ㆍ온수 및 공기 조절 공급업",서울에너지공사,Y,280467,280467,280467,265697,265697,
751,폐기물,"하수, 폐수 및 분뇨 처리업",안산시,N,126667,126667,126667,119289,119289,
752,폐기물,폐기물 처리업,구미시,N,110032,110032,110032,103624,103624,
753,산업,"내화, 비내화 요업제품 제조업",(주)태평양금속,N,54313,54313,54313,53804,53804,
754,산업,자동차 신품 부품 제조업,핸즈코퍼레이션주식회사,Y,108362,108362,108362,107347,107347,
755,산업,"내화, 비내화 요업제품 제조업",태영세라믹(주),N,26033,26033,26033,25789,25789,
756,산업,유리 및 유리제품 제조업,에스지씨에너지 주식회사,N,147299,147299,147299,145920,145920,
757,폐기물,폐기물 처리업,(주)신승에너지,N,0,72231,72231,68024,68024,
758,건물,고등 교육기관,학교법인 포항공과대학교,N,75101,75101,75101,73002,73002,
759,산업,기타 금속 가공제품 제조업,삼영전자공업(주),Y,143614,143614,143614,142269,142269,
760,산업,반도체 제조업,유한회사 스태츠칩팩코리아,N,69672,69672,69672,69020,69020,
761,산업,1차 철강 제조업,만호제강(주),N,32029,32029,32029,31729,31729,
762,산업,비알코올 음료 및 얼음 제조업,제주특별자치도개발공사,Y,30023,30023,30023,29742,29742,
763,산업,선박 및 보트 건조업,삼성중공업 주식회사,N,366612,366612,366612,363179,363179,
764,산업,유리 및 유리제품 제조업,에이지씨화인테크노한국주식회사,N,267814,267814,267814,265306,265306,
765,산업,플라스틱 제품 제조업,에스케이마이크로웍스솔루션즈 주식회사,Y,35061,35061,35061,34733,34733,
766,산업,알코올 음료 제조업,오비맥주(주),Y,113170,113170,113170,112110,112110,
767,건물,일반 및 생활 숙박시설 운영업,제주신화월드 주식회사,Y,0,32326,32326,31423,31423,
768,폐기물,"하수, 폐수 및 분뇨 처리업",순천시,N,0,0,47446,44683,44683,
769,폐기물,폐기물 처리업,경상북도,N,0,0,78469,73899,73899,
770,폐기물,폐기물 처리업,(주)에스피환경,N,0,0,0,55093,55093,
771,폐기물,폐기물 처리업,NC양산(주),N,0,0,0,23959,23959,
772,폐기물,폐기물 처리업,부산그린파워(주),N,0,0,0,37251,37251,
773,폐기물,폐기물 처리업,영주시,N,0,0,0,21520,21520,
774,산업,기초 화학물질 제조업,인프라에어홀딩스 주식회사,N,0,0,0,227522,227522,
775,산업,전자 부품 제조업,(주)이녹스첨단소재,N,0,0,0,30965,30965,
776,전환,"증기, 냉ㆍ온수 및 공기 조절 공급업",안산도시개발(주),Y,0,0,0,31498,31498,
777,전환,"증기, 냉ㆍ온수 및 공기 조절 공급업",내포그린에너지(주),Y,0,0,0,21918,21918,
778,전환,전기업,고덕그린에너지(주),Y,0,0,0,0,24830,
779,전환,전기업,청주에코파크 주식회사,Y,0,0,0,0,45912,
780,건물,기타 운송관련 서비스업,주식회사비엔씨티,Y,0,0,0,0,35987,
781,폐기물,폐기물 처리업,리뉴에너지그린 주식회사,N,0,0,0,56853,56853,
