분야 및 연도,총배출량(kt CO2-eq),순배출량,에너지,A 연료연소,A 연료연소_1 에너지산업,A 연료연소_a 공공 전기 및 열 생산,A 연료연소_b 석유정제,A 연료연소_c 고체연료 제조 및 기타 에너지 산업,A 연료연소_2 제조업 및 건설업_2 제조업 및 건설업,A 연료연소_a 철강,A 연료연소_b 비철금속,A 연료연소_c 화학,"A 연료연소_d 펄프, 제지 및 인쇄",A 연료연소_e 식음료품 가공 및 담배 제조,A 연료연소_f 비금속광물,A 연료연소_g 기타,A 연료연소_2 제조업 및 건설업_g 기타_1 수송장비제조,A 연료연소_2 제조업 및 건설업_g 기타_2 기계 제조,A 연료연소_2 제조업 및 건설업_g 기타_3 광업,A 연료연소_2 제조업 및 건설업_g 기타_4 목재 및 목제품,A 연료연소_2 제조업 및 건설업_g 기타_5 건설업,A 연료연소_2 제조업 및 건설업_g 기타_6 섬유 및 가죽,A 연료연소_2 제조업 및 건설업_g 기타_7 기타,A 연료연소_3 수송,A 연료연소_3 수송_a 국내항공,A 연료연소_3 수송_b 도로수송,A 연료연소_3 수송_c 철도,A 연료연소_3 수송_d 국내해운,A 연료연소_3 수송_e 기타수송,A 연료연소_4 기타,A 연료연소_4 기타_a 상업/공공,A 연료연소_4 기타_b 가정,A 연료연소_4 기타_c 농업/임업/어업,A 연료연소_4 기타_c 농업/임업/어업_농업/임업,A 연료연소_4 기타_c 농업/임업/어업_3 어업,A 연료연소_5 미분류,B 탈루,B 탈루_1 고체연료,B 탈루_2 석유 및 천연가스,B 탈루_2 석유 및 천연가스_a 석유,B 탈루_2 석유 및 천연가스_b 천연가스,B 탈루_2 석유 및 천연가스_c 탈기 및 소각,C 이산화탄소 수송 및 저장,산업공정 및 제품사용,A 광물산업,A 광물산업_1 시멘트생산,A 광물산업_2 석회생산,A 광물산업_3 유리생산,A 광물산업_4 탄산염의 기타 공정 사용,B 화학산업,B 화학산업_1 암모니아 생산,B 화학산업_2 질산 생산,B 화학산업_3 아디브산 생산,"B 화학산업_4 카프로락탐, 글리옥살, 글리옥실산 생산",B 화학산업_5 카바이드 생산,B 화학산업_6 이산화티타늄 생산,B 화학산업_7 소다회 생산,B 화학산업_8 석유화학제품 및 카본블랙 생산,B 화학산업_9 불소화합물 생산,B 화학산업_10 기타,C 금속산업,C 금속산업_1 철강생산,C 금속산업_2 합금철 생산,C 금속산업_3 알루미늄 생산,C 금속산업_4 마그네슘 생산,C 금속산업_5 납 생산,C 금속산업_6 아연 생산,C 금속산업_7 기타,D 비에너지 연료 및 용매 사용,D 비에너지 연료 및 용매 사용_1 윤활유 사용,D 비에너지 연료 및 용매 사용_2 파라핀 왁스 사용,D 비에너지 연료 및 용매 사용_3 기타,E 전자 산업,F 오존층파괴물질의 대체물질 사용,F 오존층파괴물질의 대체물질 사용_1 냉장 및 냉방,F 오존층파괴물질의 대체물질 사용_2 발포제,F 오존층파괴물질의 대체물질 사용_3 소화기,F 오존층파괴물질의 대체물질 사용_4 에어로졸,F 오존층파괴물질의 대체물질 사용_5 용매,F 오존층파괴물질의 대체물질 사용_6 기타 오존층파괴물질의 대체물질 사용,G 기타 제품제조 및 소비,G 기타 제품제조 및 소비_1 중전기기,G 기타 제품제조 및 소비_2 기타 제품사용의 육불화황 및 과불화탄소,G 기타 제품제조 및 소비_3 제품사용의 N2O,H 기타,H 기타_1 펄프 및 종이,H 기타_2 식품 및 음료,H 기타_3 기타,농업,A 장내발효,A 장내발효_1 소,A 장내발효_2 양(면양),A 장내발효_3 돼지,A 장내발효_4 기타 가축,B 가축분뇨처리,B 가축분뇨처리_1 소,B 가축분뇨처리_2 양(면양),B 가축분뇨처리_3 돼지,B 가축분뇨처리_4 기타 가축,B 가축분뇨처리_5 간접 N2O 배출량,C 벼재배,C 벼재배_1 관개,C 벼재배_2 천수답,D 농경지토양,D 농경지토양_1 직접배출,D 농경지토양_2 간접배출,D 농경지토양_2 간접배출,E 사바나 소각,F 작물잔사소각_1 곡물,F 작물잔사소각_2 두류,F 작물잔사소각_3 서류,F 작물잔사소각_4 사탕수수,F 작물잔사소각_5 기타,G 석회 시용,H 요소 시용,LULUCF,A 산림지,A 산림지_1 산림지로 유지된 산림지,A 산림지_2 타토지에서 전용된 산림지,B 농경지,B 농경지_1 농경지로 유지된 농경지,B 농경지_2 타토지에서 전용된 농경지,C 초지,C 초지_1 초지로 유지된 초지,C 초지_2 타토지에서 전용된 초지,D 습지,D 습지_1 습지로 유지된 습지,D 습지_1 습지로 유지된 습지_내륙습지,D 습지_1 습지로 유지된 습지_연안습지,D 습지_2 타토지에서 전용된 습지,D 습지_2 타토지에서 전용된 습지_내륙습지,E 정주지,E 정주지_1 정주지로 유지된 정주지,E 정주지_2 타토지에서 전용된 기타토지,F 기타토지,F 기타토지_1 기타토지로 유지된 기타토지,F 기타토지_2 타토지에서 전용된 기타토지,G 수확된 목재제품,H 기타,폐기물,A 폐기물매립,A 폐기물매립_1 관리형 매립,A 폐기물매립_2 비관리형 매립,A 폐기물매립_3 기타 매립,B 고형폐기물의 생물학적 처리,B 고형폐기물의 생물학적 처리_1 퇴비화,B 고형폐기물의 생물학적 처리_2 바이오가스시설에서의 혐기성 소화,C 폐기물소각 및 노천소각,C 폐기물소각 및 노천소각_1 폐기물소각,C 폐기물소각 및 노천소각_2 노천소각,D 하폐수처리,D 하폐수처리_1 폐수처리,D 하폐수처리_2 하수처리,D 하폐수처리_3 기타,E 기타,별도항목(Memo Item),국제벙커링 및 다국적 작전,국제벙커링 및 다국적 작전_벙커링,C 국제벙커링 및 다국적 작전_1 벙커링_a 국제 항공,C 국제벙커링 및 다국적 작전_1 벙커링_b 국제 해운,C 국제벙커링 및 다국적 작전_2 다국적 작전
1990,310578.3383,271615.0928,234475.7526,223481.609,42026.93161,37174.65996,4193.73105,658.5406,72169.00787,27836.419,549.88983,8582.52104,2883.87956,3313.55421,13955.60362,15047.14061,761.46444,2004.66998,439.34119,220.9636,1657.34372,6204.4235,3758.93416,36460.811,823.84888,31718.28663,973.85563,2480.74502,464.07483,72641.46389,26806.64858,39882.65654,5952.15877,3319.14774,2633.01103,183.39462,10994.14357,10931.4595,62.68407,37.7195,23.05697,1.9076,0,37797.75665,16386.70859,15870.87167,256.80845,57.38437,201.64411,7820.76737,0,219.28883,0,0,0,0,0,5304.09616,1041.6,1255.78238,13065.2821,13041.2203,0,23.2628,0.799,0,0,0,356.72414,356.72414,0,0,0,0,0,0,0,0,0,0,168.27445,168.27445,0,0,0,0,0,0,24865.47469,3752.80426,3563.70018,0.46461,137.33171,51.30776,3310.94424,1456.84883,0.05933,1211.84869,116.5828,525.60459,14073.07625,14029.76074,43.31551,3238.59647,1718.5234,1520.07307,0,55.02161,8.67733,9.67717,0,0,36.66712,2.5434,432.48847,-38963.24555,-38226.30557,-38226.30557,0,112.79053,0,112.79053,-670.40914,0,-670.40914,343.9404,257.63885,278.69775,-21.0589,86.30155,86.30155,-729.0103,-729.0103,0,0,0,0,205.74853,0,13439.3544,12148.97805,8999.75202,3149.22603,0,0,0,0,560.85445,560.85445,0,729.52189,631.0464,98.4755,0,0,,14123.36,14123.36,6295.65,7827.71,C
1991,341241.2697,306225.6006,257328.6874,246864.6416,49945.72647,43773.82341,4978.80186,1193.1012,85306.8075,35194.60417,545.98942,10314.70122,2889.21206,3373.75154,16152.56704,16835.98206,873.21804,2276.84797,348.45944,241.43789,1558.22893,6100.39864,5437.39116,39667.13703,898.29787,36393.88312,990.79998,1051.30421,332.85187,67240.69439,27593.49759,33873.39406,5773.80275,3137.62208,2636.18067,4704.27616,10464.04587,10379.0438,85.00207,48.25709,34.7075,2.03748,0,44174.91606,19523.83459,18960.06458,297.30212,76.70012,189.76777,9697.2297,0,270.85014,0,0,0,0,0,7162.2503,846.672,1417.45726,14268.56635,14268.54285,0,0,0.0235,0,0,0,360.46519,360.46519,0,0,0,0,0,0,0,0,0,0,324.82022,324.82022,0,0,0,0,0,0,24915.57279,3988.15771,3768.94842,0.46681,152.99909,65.74339,3514.11275,1490.93484,0.05961,1325.64878,130.11223,567.35729,13876.62374,13833.95618,42.66757,3192.37238,1698.66781,1493.70457,0,49.72315,7.39015,8.81452,0,0,33.51848,2.3864,292.19667,-35015.6691,-34163.12198,-34163.12198,0,250.08232,0,250.08232,-712.20577,0,-712.20577,316.35789,237.36864,258.15554,-20.7869,78.98925,78.98925,-750.13667,-750.13667,0,0,0,0,43.35511,0,14822.09344,13164.3672,9679.4407,3484.9265,0,0,0,0,746.36481,746.36481,0,911.36142,793.35799,118.00344,0,0,,17002.26,17002.26,4294.98,12710.67,C
1992,368809.5715,334622.7203,273752.0707,264236.124,59044.98989,51282.98687,6097.79631,1664.2067,88857.5829,37227.61368,404.44295,10445.3093,3321.23788,3715.1685,17780.33676,15963.47384,858.14773,2522.66894,334.94689,237.06521,1377.64905,6141.78904,4491.20697,45190.05185,1047.3772,41628.11456,1007.66666,1156.11574,350.77769,68171.38047,32247.16752,29477.44488,6446.76807,3547.13888,2899.62919,2972.11893,9515.94662,9402.39752,113.54911,61.64394,49.36012,2.54505,0,53463.43763,21749.27038,21126.4456,321.70044,86.16175,214.9626,16117.08454,0,352.76535,0,0,0,0,0,10590.17399,1983.008,3191.1372,14869.87192,14868.81442,0,0,1.0575,0,0,0,388.23365,388.23365,0,0,0,1.56902,0.54495,0.07948,0,0.94458,0,0,337.40813,337.40813,0,0,0,0,0,0,25214.79735,4314.03254,4058.41681,0.49294,168.59264,86.53015,3761.09647,1537.32645,0.06295,1475.35839,135.58246,612.76623,13506.89516,13465.41177,41.48339,3241.72527,1734.249,1507.47627,0,49.13047,6.2408,7.80922,0,0,35.08045,2.1509,339.76653,-34186.85118,-33540.63469,-33540.63469,0,441.4151,0,441.4151,-686.06013,0,-686.06013,335.77365,252.98781,272.15071,-19.1629,82.78584,82.78584,-770.94687,-770.94687,0,0,0,0,33.60176,0,16379.26587,14430.12017,10750.54095,3679.57922,0,0,0,0,879.08444,879.08444,0,1070.06126,919.55886,150.5024,0,0,,21104.35,21104.35,5138.56,15971.04,C
1993,406802.1504,374169.2284,303458.935,294738.3172,66967.18511,58078.03535,6787.81947,2101.33029,97533.09704,41604.70293,412.00006,11725.17096,3621.75926,3799.10203,19533.53437,16836.82743,972.55255,2906.61143,251.62091,232.17133,1369.52143,6636.72521,4467.62456,57082.42561,1175.54702,50186.82632,1086.68087,4387.44939,245.92201,69974.55396,37456.42122,25289.78595,7228.3468,4002.47024,3225.87656,3181.05548,8720.6178,8576.76352,143.85428,67.72268,72.41747,3.71413,0,60361.65502,25352.70398,24697.87712,356.06041,94.51709,204.24936,17521.11838,0,438.29622,0,0,0,0,0,11839.15152,2232,3011.67064,16695.66615,16695.57215,0,0,0.094,0,0,0,409.06607,409.06607,0,0,0,4.28942,1.45549,0.1694,0,2.66453,0,0,378.81101,378.81101,0,0,0,0,0,0,25547.28545,4794.92952,4510.87032,0.43372,176.35337,107.27211,4030.75748,1681.5733,0.05539,1554.94394,137.1334,657.05147,13129.33215,13089.01138,40.32078,3194.58326,1719.059,1475.52426,0,48.99211,5.69327,7.03364,0,0,36.26521,2.826,345.86493,-32632.922,-31968.23585,-31968.23585,0,595.29902,0,595.29902,-679.09371,0,-679.09371,324.85442,242.64339,261.36629,-18.7229,82.21103,82.21103,-791.44089,-791.44089,0,0,0,0,-114.30499,0,17434.27494,15460.94732,11757.50907,3703.43824,0,0,0,0,1083.7341,1083.7341,0,889.59352,715.65064,173.94289,0,0,,22361.85,22361.85,5673.79,16686.69,C
1994,432769.283,397753.2151,323158.101,315376.0665,81318.26342,71719.30799,7046.10022,2552.85521,102910.9763,41368.27181,946.40311,12112.2999,4046.48995,4119.68737,22070.53227,18247.29191,990.18957,3015.45369,230.81161,340.96095,1273.16258,6947.73774,5448.97577,59190.32508,1205.49704,52875.68586,1031.26909,3735.87243,342.00066,69088.809,39441.47811,21342.34869,8304.98221,4445.95407,3859.02813,2867.69265,7782.03455,7612.04273,169.99183,68.55238,96.46253,4.97692,0,64280.22161,27687.11679,26837.23615,509.39199,99.29119,241.19746,19076.25093,0,493.47558,0,0,0,0,0,12523.35728,2402.624,3656.79407,16299.27864,16296.95214,0,0,2.3265,0,0,0,446.58635,446.58635,0,0,0,238.75981,236.82832,0.07186,0,1.85963,0,0,532.22908,532.22908,0,0,0,0,0,0,25767.64984,5078.22385,4772.66999,0.34734,180.78129,124.42523,4199.64854,1760.17595,0.04436,1609.0778,142.49714,687.85329,12749.11864,12709.99389,39.12474,3359.67656,1816.45768,1543.21888,0,50.59085,5.1032,6.52824,0,0,38.95941,2.983,327.4084,-35016.06788,-34375.44092,-34375.44092,0,829.88107,0,829.88107,-678.03291,0,-678.03291,332.16909,249.32778,268.57568,-19.2479,82.8413,82.8413,-811.61874,-811.61874,0,0,0,0,-313.02546,0,19563.31052,16497.29218,12871.43207,3625.8601,0,4.25913,4.25913,0,1547.92826,1547.92826,0,1513.83095,1277.12531,236.70564,0,0,,25777.61,25777.61,6371.72,19404.9,C
1995,464497.6333,431236.4475,347962.4411,340964.7672,91952.42997,79555.14782,9291.76895,3105.5132,104629.6889,43002.18523,1021.48797,11463.11839,4143.14315,4393.85651,22199.14171,18406.75592,1060.85617,3268.19905,217.2646,272.76189,1229.35547,6754.15162,5604.16711,66562.75336,1329.53898,60198.89255,1042.23229,3690.43292,301.65662,74978.476,44589.13758,21573.24199,8816.09643,4690.73909,4125.35735,2841.41901,6997.67386,6781.80826,215.86561,76.33343,133.82319,5.70898,0,69703.89316,29093.19548,28101.72186,637.75489,100.64028,253.07844,20580.92258,0,599.9873,0,0,0,0,0,13100.40124,2765.696,4114.83804,17494.6623,17488.6228,0,0,6.0395,0,0,0,482.9488,482.9488,0,0,0,572.94363,572.5413,0.07145,0,0.33089,0,0,1479.22037,1479.22037,0,0,0,0,0,0,25875.04141,5307.1949,4975.87271,0.23814,192.52807,138.55597,4371.37174,1782.22073,0.03041,1704.2142,158.07532,726.83108,12395.49296,12357.45064,38.04233,3427.15834,1860.98467,1566.17367,0,52.90247,5.04983,6.27725,0,0,41.57539,2.669,318.252,-33261.18578,-33102.38478,-33102.38478,0,1330.15237,0,1330.15237,-693.11836,0,-693.11836,344.47023,248.47342,267.70232,-19.2289,95.9968,95.9968,-831.48042,-831.48042,0,0,0,0,-308.82482,0,20956.25762,17222.63775,13627.72208,3594.91567,0,0.50992,0.50992,0,2212.84808,2212.84808,0,1520.26186,1238.23947,282.02239,0,0,,29700.13,29700.13,7207.24,22494.78,C
1996,501079.1371,464394.6467,381519.4078,374951.0049,115575.0628,96643.66732,10525.32324,8406.07226,106236.4623,43537.84007,967.1637,13350.84468,4491.74328,4434.62012,19362.00778,20092.24269,1126.31848,3839.36446,195.50784,290.34962,1226.36388,7329.89696,6084.44146,70796.13012,1379.73508,65985.02951,1030.2713,1993.47298,407.62125,79242.61638,47447.57053,21934.39366,9860.65219,5658.90052,4201.75167,3100.73325,6568.40295,6293.76492,274.63803,87.29624,179.80318,7.53861,0,72555.7309,29305.51387,28305.65937,635.0926,111.64352,253.11837,22026.46477,0,673.29266,0,0,0,0,0,13939.93175,3030.56,4382.68037,18636.23462,18628.05662,0,0,8.178,0,0,0,530.05091,530.05091,0,0,0,925.00025,924.52755,0.07077,0,0.40193,0,0,1132.46648,1132.46648,0,0,0,0,0,0,26228.8018,5723.86321,5374.62685,0.22349,198.43626,150.57661,4565.86334,1862.49487,0.02854,1768.33888,165.44981,769.55125,12089.87617,12052.78368,37.09249,3474.74512,1894.94146,1579.80366,0,56.32226,5.01487,6.14491,0,0,45.16247,2.6847,315.447,-36684.49038,-36799.19035,-36799.19035,0,1738.95628,0,1738.95628,-711.16831,0,-711.16831,341.71925,250.31486,270.53476,-20.2199,91.40439,91.40439,-851.02593,-851.02593,0,0,0,0,-403.78132,0,20775.19654,17604.87655,14098.23862,3506.63793,0,1.57045,1.57045,0,1607.51113,1607.51113,0,1561.2384,1406.52944,154.70896,0,0,,35396.83,35396.83,7876.47,27523.91,C
1997,526063.9285,484380.562,398735.8426,392509.7409,124958.964,104573.9703,13160.25628,7224.73742,107331.5527,41604.11117,791.09919,14521.36574,4507.38579,4081.14363,21252.6713,20573.77585,1703.58251,3987.61636,156.93421,291.15267,1392.64449,7350.70914,5691.13647,76405.23494,1583.88139,70762.50932,1026.06957,2624.58901,408.18566,80862.63621,48877.28968,21109.47633,10875.87019,6445.87529,4429.9949,2951.35306,6226.1017,5884.57293,341.52877,105.68658,226.42297,9.41922,0,79615.6262,30433.50549,29317.10808,750.25064,123.14219,243.00458,26040.31783,0,777.57678,0,0,0,0,0,17110.29809,3450.176,4702.26695,17768.24245,17757.78495,0,0,10.4575,0,0,0,529.86702,522.39447,7.47254,0,2225.66321,1356.25375,1355.38816,0.0949,0,0.77068,0,0,1261.77645,1261.77645,0,0,0,0,0,0,26183.82802,5772.32996,5406.25576,0.22059,207.60881,158.2448,4662.16759,1852.80669,0.02817,1851.2272,170.76525,787.34028,11921.3757,11884.80618,36.56952,3462.43012,1890.93138,1571.49874,0,57.94146,4.84895,6.18733,0,0,46.90517,3.1714,304.4118,-41683.36643,-41922.04034,-41922.04034,0,1880.14859,0,1880.14859,-728.40541,0,-728.40541,371.48083,277.99058,296.65248,-18.6619,93.49025,93.49025,-870.25527,-870.25527,0,0,0,0,-414.29482,0,21528.63161,18127.87643,14722.16081,3405.71562,0,4.67751,4.67751,0,2014.37663,2014.37663,0,1381.70103,1231.28386,150.41716,0,0,,38847.39,38847.39,8577.98,30274.49,C
1998,460219.6903,410168.4578,340200.6514,334224.2084,112389.6381,92499.16969,13398.09753,6492.37092,97052.38222,42532.84919,755.47289,11221.87682,3834.60757,3426.51297,15772.98281,19508.07996,2617.40789,3256.05838,124.10092,212.74246,1031.65245,7956.80936,4309.30849,59222.0012,1348.51334,54138.58474,1010.38375,2240.00857,484.51081,62879.5621,35481.91161,17655.29693,9742.35356,5711.85343,4030.50013,2680.62473,5976.44303,5624.35521,352.08782,99.90361,243.57646,8.60775,0,73189.3128,23929.3322,22876.59464,762.22655,89.05477,201.45624,26935.27693,0,861.48108,0,0,0,0,0,18868.37302,2059.392,5146.03082,17416.13319,17404.73569,0,0,11.3975,0,0,0,408.71004,403.29584,5.4142,0,2138.02655,1584.37272,1583.52829,0.0782,0,0.76622,0,0,777.46118,777.46118,0,0,0,0,0,0,26132.97231,5570.79544,5185.58119,0.20249,226.09273,158.91904,4825.04837,1821.27447,0.02586,2047.8241,165.08851,790.83544,11947.46816,11910.8185,36.64966,3411.20357,1860.15629,1551.04728,0,55.44066,4.22515,5.91333,0,0,45.30218,3.6267,319.3894,-50051.23245,-50587.60119,-50587.60119,0,1914.79869,0,1914.79869,-734.28821,0,-734.28821,384.70088,290.14448,309.60238,-19.4579,94.55639,94.55639,-889.16843,-889.16843,0,0,0,0,-139.67418,0,20696.75373,17159.72687,13838.12703,3321.59985,0,4.49637,4.49637,0,1901.3744,1901.3744,0,1631.15609,1504.13517,127.02091,0,0,,38433.5,38433.5,7098.61,31331.13,C
1999,500569.6169,442315.488,372901.3457,367093.3572,122425.7293,101887.0434,13874.4203,6664.26563,104531.8038,44989.32775,828.43845,12260.83178,4210.23678,3163.38337,16438.0544,22641.53127,3183.87364,3878.59414,114.20699,262.29509,1069.93311,8663.71208,5468.91621,64371.97678,1299.27149,59661.03165,1051.40665,2091.93682,268.33017,73011.15738,38300.35565,24193.27817,10517.52356,6954.73397,3562.78959,2752.68999,5807.98842,5384.06019,423.92823,105.83029,307.80882,10.28912,0,80348.78881,24996.35358,23716.88624,815.95337,91.4568,372.05717,30154.29895,0,879.28272,0,0,0,0,0,19497.46999,3859.376,5918.17024,17322.98385,17305.59385,0,0,17.39,0,0,0,485.67787,479.54828,6.12959,0,2745.21398,1995.88338,1994.55125,0.13547,0,1.19666,0,0,2648.3772,2648.3772,0,0,0,0,0,0,25140.98169,4815.65953,4433.74397,0.17663,225.02088,156.71805,4641.21382,1653.25733,0.02256,2056.38092,182.65893,748.89408,11998.25814,11961.47411,36.78404,3315.49112,1798.91159,1516.57952,0,57.85508,3.84864,5.35881,0,0,48.64762,3.4854,309.0186,-58254.12884,-58346.7641,-58346.7641,0,1898.66839,0,1898.66839,-734.55228,0,-734.55228,369.33464,279.03867,300.11157,-21.0729,90.29596,90.29596,-907.76542,-907.76542,0,0,0,0,-533.05007,0,22178.50072,17188.58908,13958.67743,3229.91165,0,16.13482,16.13482,0,3245.30149,3245.30149,0,1728.47533,1573.45468,155.02065,0,0,,41578.21,41578.21,7345.3,34247,C
2000,533453.4728,473061.3084,402242.5522,396534.4924,136316.4683,120792.0711,13703.57215,1820.82509,115401.4569,46669.24137,1174.27801,15118.866,3860.90899,3149.76748,18587.45822,26840.93682,2931.35872,3232.67677,151.84776,262.34873,1414.53923,10563.6521,8284.51351,71850.03881,1408.36347,66270.1682,1077.35017,2794.51908,299.63789,70539.99799,30135.61476,29358.14371,11046.23951,7235.344,3810.89551,2426.53039,5708.05987,5215.09454,492.96533,108.14565,372.08736,12.73232,0,83108.75127,26101.30274,24753.54328,803.60178,109.66709,434.49059,30099.38809,0,1064.24889,0,0,0,0,0,19371.01271,3429.84,6234.28649,18497.92556,18480.55906,0,0,17.3665,0,0,0,510.55011,504.96581,5.5843,0,3256.87336,2464.70768,2458.18609,0.48963,0,6.03196,0,0,2178.00372,2178.00372,0,0,0,0,0,0,24712.11637,4348.05785,3953.16878,0.14742,240.51027,154.23137,4721.46832,1582.82115,0.01883,2202.90437,192.67206,743.05192,12034.93237,11998.02965,36.90272,3259.71936,1766.52176,1493.1976,0,59.6628,3.62118,4.83403,0,0,51.2076,3.4226,284.85307,-60392.16449,-60489.39925,-60489.39925,0,1889.45039,0,1889.45039,-741.89286,0,-741.89286,390.22944,298.39341,319.22231,-20.8289,91.83603,91.83603,-926.04624,-926.04624,0,0,0,0,-514.50596,0,23390.05298,17258.00703,14144.84934,3113.15769,0,31.61041,31.61041,0,4324.1698,4324.1698,0,1776.26573,1621.24508,155.02065,0,0,,39411.63,39411.63,7753.19,31671.18,C
2001,550812.4781,490089.6646,415071.6015,409514.2765,147140.0616,131947.4667,13829.94742,1362.6475,115573.7221,46884.59664,1106.95868,15127.56252,3551.23746,2899.19262,18880.78045,27123.39372,2541.61896,3128.56955,159.45802,243.37334,1332.97602,10270.29311,9447.10471,75063.21497,1300.38682,69361.11722,1088.03562,2538.21905,775.45625,68595.8807,25549.82461,30588.16222,12457.89387,8242.05236,4215.84151,3141.39711,5557.32504,5034.14308,523.18195,104.20069,406.26265,12.71862,0,86822.57716,27071.24664,25662.75783,787.74694,121.58086,499.16101,32328.00351,0,1021.53938,0,0,0,0,0,24057.42376,590.24,6658.80037,19023.5033,19007.1708,0,0,16.3325,0,0,0,485.63583,479.3472,6.28863,0,3002.79669,2878.24482,2870.11947,0.41165,0,7.7137,0,0,2033.14637,2033.14637,0,0,0,0,0,0,24305.6912,4032.50455,3629.96547,0.12721,248.56662,153.84524,4768.45466,1532.00155,0.01625,2298.38218,200.51428,737.54041,12057.87226,12020.88686,36.98539,3141.6517,1702.00193,1439.64977,0,64.47335,4.07415,4.55899,0,0,55.84021,4.0506,236.68407,-60722.8135,-60916.00916,-60916.00916,0,1952.51649,0,1952.51649,-722.83138,0,-722.83138,398.37844,305.52884,327.81274,-22.2839,92.8496,92.8496,-944.01089,-944.01089,0,0,0,0,-490.857,0,24612.60822,17724.19882,14739.94282,2984.256,0,31.18155,31.18155,0,5033.50726,5033.50726,0,1823.72059,1640.7002,183.02038,0,0,,38514.93,38514.93,8124.77,30402.87,C
2002,570977.7696,512616.4198,432455.5383,427242.4688,155879.4805,141601.159,13813.63963,464.68186,119477.5258,49218.0392,1142.38162,14961.16043,3644.33198,2936.53849,18704.78937,28870.28473,2506.81204,3240.54976,164.64043,260.82092,1580.94336,10155.07532,10961.44289,80147.70158,1341.8441,74408.00714,1087.84326,2948.37409,361.63299,68878.45665,25092.14432,31541.37351,12244.93882,8071.872,4173.06681,2859.30426,5213.06942,4661.40702,551.6624,95.47936,440.83649,15.34655,0,90233.61137,28485.05698,27104.25425,758.82141,113.59519,508.38613,33998.81282,0,1087.61963,0,0,0,0,0,24932.21072,2112.96,5866.02248,18604.87919,18581.26169,0,0,23.6175,0,0,0,486.14962,479.37342,6.7762,0,3062.82444,3432.24256,3420.52443,0.92249,0,10.79565,0,0,2163.64575,2163.64575,0,0,0,0,0,0,24157.94671,3953.49254,3541.96153,0.11335,257.02268,154.39498,4872.72358,1520.48915,0.01448,2391.51193,208.43254,752.27548,12004.91206,11968.08448,36.82757,3034.36911,1647.74177,1386.62734,0,62.04675,3.94464,4.51329,0,0,53.58883,4.9298,225.47287,-58361.34977,-58633.1785,-58633.1785,0,1989.90904,0,1989.90904,-688.75467,0,-688.75467,414.69146,320.90989,342.59179,-21.6819,93.78157,93.78157,-915.35077,-915.35077,0,0,0,0,-528.66634,0,24130.67324,17526.26614,14684.37406,2841.89208,0,46.76089,46.76089,0,4454.64792,4454.64792,0,2102.9983,1887.32564,215.67266,0,0,,38594.81,38594.81,9177.1,29430.08,C
2003,584476.0144,526402.4334,442261.2235,437121.6343,159850.2541,145691.461,13373.71848,785.07464,124428.9809,50246.28822,1358.89974,17706.16434,3658.19169,2856.84791,20017.95923,28584.62972,1958.05073,3175.79301,197.24797,226.32165,1657.82405,8992.13071,12377.2616,82986.13243,1377.47616,77046.40833,1112.26846,3069.5658,380.41367,66509.30924,25002.30993,30829.87972,10677.11959,6636.19904,4040.92055,3346.95762,5139.58922,4560.13353,579.4557,95.44654,468.3561,15.65306,0,94211.61377,29471.31801,27917.99316,893.501,128.01883,531.80501,35451.35029,0,1370.71674,0,0,0,0,0,25692.62794,0.04932,8387.95629,18923.90523,18901.32173,0,0,22.5835,0,0,0,523.19611,515.48776,7.70835,0,3620.92529,3870.3535,3853.5495,1.07984,0,15.72417,0,0,2350.56534,2350.56534,0,0,0,0,0,0,23899.68309,3951.88969,3532.13867,0.11909,263.74385,155.88808,4918.98705,1498.30974,0.01521,2462.36787,201.93875,756.35548,11822.34159,11786.07311,36.26848,2924.54689,1588.52806,1336.01883,0,58.50201,4.03056,4.36732,0,0,50.10413,4.4902,218.92567,-58073.58093,-58358.01057,-58358.01057,0,2080.79849,0,2080.79849,-670.24527,0,-670.24527,407.83932,319.21179,342.24069,-23.0289,88.62753,88.62753,-936.74208,-936.74208,0,0,0,0,-597.22082,0,24103.49399,17543.9592,14839.40738,2704.55182,0,46.89714,46.89714,0,4623.69252,4623.69252,0,1888.94512,1669.53864,219.40649,0,0,,41273.1,41273.1,9644.99,31641.49,C
2004,595764.5947,536330.0633,451612.6487,446579.5789,172483.4132,157379.1173,13357.84307,1746.45281,125216.8123,52845.0964,1343.22854,18604.0185,3532.52525,2819.22628,18590.87784,27481.83943,1242.54731,3375.80889,167.86618,275.2138,1778.78541,9473.97272,11167.64511,83122.1986,1140.18338,77768.72533,951.19896,2924.31725,337.77368,62583.44898,23005.27558,30034.56874,9543.60465,5773.90314,3769.70151,3173.70591,5033.0698,4413.33618,619.73362,100.16916,492.64176,26.9227,0,97817.79177,27768.27478,26121.24588,932.5648,131.28465,583.17945,38498.00461,0,1411.46314,0,0,0,0,0,26637.42501,0.02456,10449.09191,19500.74227,19475.26827,0,0,25.474,0,0,0,536.056,526.19904,9.85696,0,4576.77413,4252.41329,4240.98229,0.8748,0,10.55619,0,0,2685.5267,2606.74518,0,78.78152,0,0,0,0,23826.8538,4136.81312,3721.11203,0.13067,257.97417,157.59625,4865.78797,1481.81543,0.01669,2417.70019,202.8838,763.37186,11557.65976,11522.23344,35.42632,2964.24247,1614.5074,1349.73507,0,57.15848,3.64724,4.54576,0,0,48.96548,4.0192,241.1728,-59434.53142,-59590.97233,-59590.97233,0,2134.03128,0,2134.03128,-622.21748,0,-622.21748,390.85053,311.56814,334.39404,-22.8259,79.2824,79.2824,-957.76716,-957.76716,0,0,0,0,-788.45627,0,22507.30043,16071.65627,13497.90631,2573.74997,0,48.67781,48.67781,0,4578.30996,4578.30996,0,1808.65639,1635.75704,172.89935,0,0,,43081.76,43081.76,10278.81,32816.71,C
2005,594422.1028,536941.522,448168.8757,443255.7216,177405.3997,162392.9225,13886.70073,1125.77648,116105.3468,47042.84735,1241.46159,17270.71685,3134.23239,2765.22944,17248.18032,27402.67881,516.29772,3472.50709,191.32637,175.04589,1943.5875,8622.28081,12481.63343,83969.63247,1034.16626,78872.63368,897.86806,2820.09487,344.8696,62522.04983,20230.50379,33163.95138,9127.59466,5713.72993,3413.86474,3253.29277,4913.15413,4208.4311,704.72302,103.07229,556.1663,45.48443,0,99926.28519,25097.93321,23323.5361,1033.49394,129.4707,611.43248,38829.67109,0,1485.42782,0,0,0,0,0,28310.51182,0.06356,9033.66789,23182.05982,23102.62982,0,0,79.43,0,0,0,534.79802,526.80106,7.99696,0,5053.10761,4583.64245,4575.66758,1.027,0,6.94787,0,0,2645.07297,2499.70159,0,145.37138,0,0,0,0,23677.74727,4264.20651,3849.60946,0.14985,257.33058,157.11662,4888.93219,1473.46698,0.01914,2393.92929,229.80901,791.70778,11299.87145,11265.24773,34.62372,3000.96537,1641.8498,1359.11557,0,58.19478,3.56351,5.25219,0,0,49.37909,4.3837,161.19327,-57480.58074,-57604.11904,-57604.11904,0,2204.11588,0,2204.11588,-531.51806,0,-531.51806,346.38603,292.46253,316.94443,-24.4819,53.9235,53.9235,-978.42603,-978.42603,0,0,0,0,-917.01952,0,22649.19463,15885.25947,13437.03277,2448.2267,0,70.61864,70.61864,0,4836.8258,4836.8258,0,1856.49073,1613.33085,243.15988,0,0,,43540.04,43540.04,10697.24,32856.52,C
2006,607008.2021,548343.5811,458739.4643,453920.9917,187146.8056,172208.5843,13993.05903,945.16226,118786.8877,49564.36782,1275.46463,17035.47748,2844.27299,2542.50107,17513.77155,28011.03219,416.29605,3380.53402,194.81704,156.95294,2683.71198,7852.31753,13326.40262,84679.63315,969.48991,79819.76825,818.18333,2723.65277,348.5389,60435.584,18569.4908,32838.89081,9027.20239,5620.41222,3406.79017,2872.08121,4818.47259,4117.14064,701.33195,106.68245,551.22777,43.42174,0,101972.1028,24905.71682,23137.27391,1028.29304,138.9702,601.17968,39406.77936,0,1648.1864,0,0,0,0,0,29811.05622,0.10945,7947.42729,23500.55295,23326.34745,0,0,174.2055,0,0,0,520.45788,511.37833,9.07955,0,5911.92904,4781.40319,4771.06262,1.2185,0,9.12207,0,0,2945.26351,2794.09652,0,151.167,0,0,0,0,23682.51114,4487.68656,4069.4394,0.16646,267.07866,151.00205,5013.88605,1481.69694,0.02126,2476.40623,233.00328,822.75834,11106.45854,11072.42371,34.03483,2885.1545,1589.66507,1295.48943,0,58.88972,3.4476,5.7918,0,0,49.65032,3.9871,126.44867,-58664.62094,-59186.83976,-59186.83976,0,2416.35116,0,2416.35116,-377.14599,0,-377.14599,362.04468,315.18936,340.40526,-25.2159,46.85532,46.85532,-998.71867,-998.71867,0,0,0,0,-880.31236,0,22614.12391,15584.95843,13256.13316,2328.82527,0,85.29777,85.29777,0,5134.85578,5134.85578,0,1809.01193,1648.69095,160.32098,0,0,,41591.34,41591.34,8674.21,32930.82,C
2007,613628.8466,554265.5001,477326.5814,472558.4569,199499.8373,184497.9456,14232.54828,769.34349,124474.38,55302.7507,1797.68481,17786.78622,2577.01009,2549.67599,17394.65928,27065.81294,1973.61371,2126.70246,164.84461,193.05803,2402.93532,7572.39356,12632.26524,86933.44209,938.71667,82263.34134,733.58764,2626.96804,370.8284,58722.12235,19841.55209,30231.1655,8649.40476,5359.57609,3289.82867,2928.67516,4768.12445,4055.57178,712.55267,106.67758,566.28063,39.59446,0,91393.82643,28165.26589,26272.6328,1019.56201,136.4701,736.60098,27208.96828,0,463.6281,0,0,0,0,0,25155.35245,0.11718,1589.87055,20297.10841,20055.63167,11.20992,0,173.2185,0,0,57.04832,522.48628,510.79696,11.68932,0,6868.07052,5133.35315,5121.21131,1.37665,0,10.76519,0,0,3198.57389,3029.29257,0,169.28132,0,0,0,0,23928.16599,4720.52201,4309.09105,0.20113,273.89019,137.33965,5146.1114,1495.37544,0.02568,2558.86576,236.74018,855.10433,10966.54322,10932.94067,33.60255,2842.95601,1573.1669,1269.78911,0,58.35851,3.31998,5.48824,0,0,49.55029,3.4533,190.22153,-59363.34651,-60257.27566,-60257.27566,0,2612.52396,0,2612.52396,-298.26056,0,-298.26056,372.84114,323.05382,347.75772,-24.7039,49.78732,49.78732,-1018.64509,-1018.64509,0,0,0,0,-774.53029,0,20980.2728,14581.29124,12366.04411,2215.24712,0,90.65522,90.65522,0,4393.34812,4393.34812,0,1914.97823,1609.09383,305.8844,0,0,,42177.34,42177.34,12219.67,29957.67,C
2008,628765.9592,568477.0108,490655.0684,485963.02,212443.136,196168.2614,15603.11885,671.75575,129047.5604,59534.58206,2016.179,17503.02105,2210.65537,2184.72511,18415.763,27182.63486,2085.8521,2529.24036,146.5381,187.02208,2345.9131,7448.37943,12439.68968,84486.89553,978.64387,79755.90594,722.6077,2664.41484,365.32318,57364.62127,18858.95194,30948.17234,7557.49699,5000.73169,2556.7653,2620.80671,4692.0484,3950.54035,741.50806,104.86896,602.99408,33.64501,0,93917.03028,28819.51026,26077.02228,1856.60289,143.6151,742.26999,26013.62759,0,168.3011,0,0,0,0,0,24575.80815,12.0401,1257.47824,21585.18758,21365.89629,6.39949,0,152.3035,0,0,60.5883,517.62534,507.83839,9.78695,0,7449.22217,5776.63234,5767.5943,1.20965,0.16492,7.66346,0,0,3755.225,3582.76938,0,172.45563,0,0,0,0,23898.72566,4997.26237,4620.58045,0.28369,258.51279,117.88545,5067.29211,1527.56229,0.03623,2446.72195,234.75293,858.21872,10836.02907,10802.82868,33.20039,2783.90384,1547.04065,1236.86319,0,57.03624,3.23095,4.91548,0,0,48.88981,3.0649,154.13713,-60288.94832,-61485.17982,-61485.17982,0,2799.21001,0,2799.21001,-252.10181,0,-252.10181,400.78465,340.70583,365.13873,-24.4329,60.07882,60.07882,-1038.20529,-1038.20529,0,0,0,0,-713.45606,0,20295.13481,14336.34927,12229.14102,2107.20825,0,93.39024,93.39024,0,4105.95625,4105.95625,0,1759.43906,1473.795,285.64406,0,0,,39673.53,39673.53,11148.56,28524.97,C
2009,632655.3319,572586.6444,499155.9889,494603.5517,230654.6932,214881.7735,15174.70919,598.21057,119890.5305,51675.28901,2666.86586,18102.6182,1993.84647,2204.7134,16228.20346,27018.99414,1790.93414,2283.30561,156.73082,231.80418,2349.68489,7008.48144,13198.05305,85150.51331,1078.46464,80571.01079,636.93895,2464.46584,399.63309,56009.44048,18226.03841,30123.11714,7660.28493,4794.70833,2865.5766,2898.37413,4552.4372,3793.65452,758.78269,101.50545,609.85268,47.42455,0,88946.76619,28089.12045,24550.64631,2607.18495,115.5753,815.71388,24710.21117,0,142.52865,0,0,0,0,0,23297.63257,24.97693,1245.07301,18267.50619,18078.69868,12.81811,0,112.33,0,0,63.65939,470.00741,460.88241,9.12499,0,7772.92274,6114.65501,6106.81175,1.21021,3.12474,3.5083,0,0,3522.34323,3339.88735,0,182.45588,0,0,0,0,24310.89243,5260.8757,4892.82016,0.37273,265.48067,102.20215,5215.87968,1562.75358,0.0476,2492.07734,258.23732,902.76385,10748.05099,10715.12536,32.92563,2895.01897,1615.17299,1279.84597,0,57.00895,3.42313,4.75242,0,0,48.8334,3.4522,130.60593,-60068.68754,-61235.03623,-61235.03623,0,2944.33498,0,2944.33498,-231.14431,0,-231.14431,388.61646,327.61507,352.74397,-25.1289,61.00138,61.00138,-1057.39927,-1057.39927,0,0,0,0,-878.05916,0,20241.68446,14221.14041,12216.70193,2004.43849,0,99.70831,99.70831,0,4136.61908,4136.61908,0,1784.21666,1499.86862,284.34804,0,0,,36420.53,36420.53,10619.01,25801.52,C
2010,689789.1575,632427.7827,550333.5314,545924.681,254619.1851,239940.4386,14000.67791,678.06863,142754.056,69270.99509,2217.69345,20119.05557,1879.25928,2320.13111,17058.60601,29888.31551,2077.62108,2459.63479,194.62076,221.14819,2537.49525,6858.20736,15539.58809,86660.34258,1136.84033,82207.47274,618.12759,2304.94417,392.95775,58921.20553,18898.71333,32161.03265,7861.45955,5056.40014,2805.05941,2969.89173,4408.85042,3551.88267,856.96775,105.69034,697.27833,53.99908,0,95049.32543,28334.52035,24294.27669,2970.55533,223.6312,846.05713,25134.41128,0,160.27448,0,0,0,0,0,23680.28239,29.3794,1264.47501,20490.26757,20254.68524,15.67635,0,148.191,0,0,71.71497,545.53467,534.96233,10.57234,0,8861.47805,7385.10053,7353.89262,1.27223,26.41411,3.52159,0,0,4298.01298,4099.49863,0,198.51435,0,0,0,0,24667.68809,5647.30372,5274.11868,0.61157,281.6189,90.95457,5465.41624,1610.3038,0.0781,2630.8099,267.33208,956.89236,10551.22754,10518.90738,32.32016,2826.77648,1588.01801,1238.75846,0,52.70001,3.38285,4.65302,0,0,44.66414,2.6657,121.5984,-57361.3748,-58836.13009,-58836.13009,0,3016.62433,0,3016.62433,-211.74942,0,-211.74942,371.52301,314.69296,342.32986,-27.6369,56.83005,56.83005,-1076.22703,-1076.22703,0,0,0,0,-625.41561,0,19738.61255,13787.83637,11881.1555,1906.68087,0,89.71269,80.43308,9.2796,4007.01869,4007.01869,0,1854.0448,1504.98109,349.06371,0,0,,38970.31,38970.31,11822.13,27148.19,C
2011,721638.204,665101.1941,580221.0873,575832.2566,264989.8589,248766.7493,15338.70292,884.40672,164099.1285,84479.14364,2561.10621,21948.07257,1580.52616,2202.21013,17958.37128,33369.69846,2625.22092,2629.80427,183.37167,190.188,2577.20278,6612.94815,18550.96266,86363.96615,1202.0958,81875.57127,562.31706,2298.76786,425.21416,57476.9613,18668.00378,31442.16833,7366.78919,4829.91434,2536.87484,2902.34179,4388.83064,3492.78117,896.04947,112.07178,731.01857,52.95911,0,97782.35947,29172.78762,24717.80591,3314.36204,240.8792,899.74047,25608.57466,0,187.59075,0,0,0,0,0,24843.3935,58.06594,519.52447,22103.87354,21835.31127,18.4841,0,189.4335,0,0,60.64467,544.59141,535.52844,9.06297,0,8617.99326,8740.68585,8699.44174,1.20217,36.84315,2.95129,0.2475,0,2993.85312,2791.40677,0,202.44635,0,0,0,0,23448.75609,5657.95126,5349.32237,0.61241,222.67254,85.34394,4748.77787,1563.48515,0.0782,2041.09816,267.63627,876.48009,10181.32804,10148.59649,32.73155,2673.59295,1501.78331,1171.80964,0,47.37744,3.3209,4.59759,0,0,39.45895,4.2694,135.45913,-56537.00987,-57728.50784,-57728.50784,0,3072.46366,0,3072.46366,-161.47853,0,-161.47853,390.89161,332.86143,360.82833,-27.9669,58.03019,58.03019,-1094.68857,-1094.68857,0,0,0,0,-1015.69022,0,20186.00111,13322.94136,11509.25041,1813.69095,0,106.21192,95.65253,10.55939,4715.2521,4715.2521,0,2041.59572,1429.83777,611.75795,0,0,,38689.05,38689.05,11923.19,26765.87,C
2012,720241.1503,669678.6325,575024.4808,570624.8599,269449.6443,253153.1281,15179.0785,1117.43768,154587.5352,82220.14955,2266.46154,19429.0408,1264.47753,2111.68204,16790.75032,30504.97344,2804.15309,2477.79398,172.25819,172.48554,2266.23234,6003.85025,16608.20006,87719.0255,1207.58188,83352.95472,564.30195,2179.53599,414.65096,55917.91195,18336.04998,30292.93702,7288.92495,4807.4637,2481.46125,2950.74295,4399.6209,3438.17431,961.44659,114.65614,793.39808,53.39236,0,101298.9674,29364.92197,24845.97685,3365.49895,197.291,956.15517,27160.88012,0,332.50834,0,0,0,0,0,26332.06559,82.23467,414.07152,21791.19618,21482.30522,18.87798,0,217.61,0,0,72.40298,556.57652,547.58908,8.98744,0,9047.72031,10187.54296,10113.24994,1.31232,70.1601,1.56,1.2606,0,3190.12936,2962.72412,0,227.40525,0,0,0,0,24053.64761,5878.70549,5524.98536,0.60396,272.26628,80.8499,5401.91478,1605.43525,0.07713,2539.27585,277.23599,979.89056,9812.8555,9777.12092,35.73458,2775.03278,1569.0724,1205.96038,0,44.85716,3.05714,4.38999,0,0,37.41002,3.8709,136.411,-50562.51779,-51553.24096,-51553.24096,0,2737.12227,0,2737.12227,-174.71954,0,-174.71954,368.38283,316.16604,343.59094,-27.4249,52.21679,52.21679,-1112.78388,-1112.78388,0,0,0,0,-827.2785,0,19864.05446,12596.5981,10871.3619,1725.2362,0,111.99146,100.63101,11.36044,5317.14438,5317.14438,0,1838.32053,1440.84873,397.47179,0,0,,37920.03,37920.03,12013.25,25906.79,C
2013,728409.1183,682146.303,569701.7155,565485.6659,276150.9072,260234.4882,14770.47451,1145.94444,142093.9279,69699.15271,2410.37766,20154.96434,1171.18287,1931.36708,17318.97067,29407.91252,3024.48142,2245.24329,185.61719,169.69191,2201.00911,5347.90211,16233.9675,89656.92525,1305.49862,85984.49446,498.04848,1431.35109,437.53261,54578.6504,17635.92754,29501.76332,7440.95954,4790.56868,2650.39086,3005.25516,4216.04964,3269.73669,946.31294,110.3364,779.62022,56.35633,0,115019.0386,29451.70313,25047.56965,3242.22925,211.0405,950.86372,26432.49365,0,204.03698,0,0,0,0,0,25743.26335,91.66258,393.53075,33313.22645,32902.123,16.16011,0,317.10692,0,0,77.83642,573.3569,563.6203,9.7366,0,9729.7569,12185.31984,11942.97703,15.24838,223.74178,1.35863,1.99403,0,3333.18168,3086.74983,0,246.43185,0,0,0,0,23898.59422,5875.30036,5515.78113,0.39881,282.78603,76.33438,5536.01907,1610.5563,0.05093,2667.06241,267.04891,991.30053,9476.38252,9441.60315,34.77937,2832.87772,1606.79062,1226.08709,0,45.09392,2.65171,4.98165,0,0,37.46056,3.4257,129.49493,-46262.81528,-47009.18418,-47009.18418,0,2739.54524,0,2739.54524,-167.52459,0,-167.52459,378.16864,326.25601,347.56191,-21.3059,51.91263,51.91263,-1130.51297,-1130.51297,0,0,0,0,-1073.30742,0,19789.77004,12318.61187,10677.51643,1641.09543,0,133.29641,122.79945,10.49696,5372.51733,5372.51733,0,1965.34444,1435.27292,530.07152,0,0,,37939.78,37939.78,12684.24,25255.54,C
2014,724307.638,677165.027,560877.4606,556806.2669,263946.8313,244674.7464,18515.17842,756.90653,151263.9533,81404.6071,2409.96312,20017.30728,969.10039,1882.91554,17443.48699,27136.57289,2444.88145,2859.80013,148.04215,204.26225,2355.97663,5674.96632,13448.64397,89913.47093,1411.16786,86571.5991,416.76609,1026.02888,487.90899,48797.49343,16040.60467,26984.15867,5772.73008,3331.28145,2441.44863,2884.51792,4071.1937,3195.51704,875.67666,111.49405,717.70656,46.47605,0,120162.464,29893.39887,25409.10132,3287.56606,212.7109,984.02059,27327.67639,0,242.71169,0,0,0,0,0,26632.83321,93.14176,358.98972,33874.57493,33569.7592,8.73043,0,216.67132,0,0,79.41398,583.01643,573.1386,9.87783,0,10763.27698,14184.19428,13610.3951,138.5927,416.28471,14.5105,4.41128,0,3536.32613,3328.3275,0,207.99863,0,0,0,0,24031.20165,6093.392,5741.36002,0.36195,278.54839,73.12165,5571.69359,1666.25845,0.04622,2606.60612,289.00691,1009.77589,9327.24887,9295.84066,31.40821,2862.12406,1625.62131,1236.50276,0,45.82279,2.43314,5.16618,0,0,38.22346,3.8014,127.11893,-47142.611,-47856.27669,-47856.27669,0,2788.13706,0,2788.13706,-150.55345,0,-150.55345,400.52725,346.43649,368.26839,-21.8319,54.09077,54.09077,-1147.87585,-1147.87585,0,0,0,0,-1176.56932,0,19236.51172,12303.08139,10742.02313,1561.05826,0,154.80321,137.84028,16.96293,4934.44463,4934.44463,0,1844.18249,1382.39862,461.78387,0,0,,38493.12,38493.12,12714.89,25778.23,C
2015,726104.8014,678331.9001,562925.4834,558943.3336,262303.0364,244475.1198,17159.36446,668.55212,148384.0809,77869.57031,2704.04119,18927.17212,883.93135,1915.73667,17148.62106,28935.00823,2326.5278,2413.52667,136.74388,208.53734,2611.02205,4997.80894,16240.84154,95378.27443,1454.04739,91226.70289,379.62531,1665.93457,651.96428,49753.54867,17860.64329,26807.22543,5085.67995,2325.20853,2760.47141,3124.39314,3982.14986,3154.38872,827.76114,123.24404,666.78466,37.73244,0,119854.4764,30550.1457,25776.03286,3415.21829,226.7417,1132.15285,27934.74402,0,229.54581,0,0,0,0,0,27368.82456,94.90246,241.4712,33745.87774,33478.33794,7.74061,0,188.8225,0,0,70.97668,606.56552,597.27289,9.29263,0,8208.79942,15899.13949,15029.00317,191.18553,624.27627,47.71348,6.96104,0,2909.20446,2748.02987,0,161.17459,0,0,0,0,23633.5281,5825.70639,5471.58438,0.37221,284.13269,69.6171,5604.60602,1610.34383,0.04753,2677.87114,297.91318,1018.43033,9206.57172,9180.19903,26.37269,2830.03776,1608.28242,1221.75533,0,44.47381,2.39074,4.97593,0,0,37.10715,3.493,118.6394,-47772.9013,-48484.1135,-48484.1135,0,2496.21446,0,2496.21446,-120.80478,0,-120.80478,457.09147,394.8951,415.631,-20.7359,62.19637,62.19637,-1164.8725,-1164.8725,0,0,0,0,-956.41645,0,19691.31352,12581.33494,11096.41039,1484.92455,0,223.29822,151.30205,71.99617,5233.3292,5233.3292,0,1653.35116,1280.07085,373.28031,0,0,,41597.09,41597.09,13076.48,28520.61,C
2016,737407.9621,689192.2405,575019.9415,571076.0275,263821.4877,244752.9854,18404.71463,663.78772,152592.813,77456.10531,2669.83705,20789.22437,2194.92329,2193.48109,16395.30525,30893.93664,3643.34705,2887.35218,142.05129,320.10723,2686.21163,4953.57993,16261.28734,99858.91887,1653.58785,95630.87873,332.11126,1429.35805,812.98298,51703.68493,18525.16457,28711.16605,4467.35432,1532.54926,2934.80506,3099.123,3943.91398,3092.177,851.73698,130.05685,684.46704,37.21309,0,119254.254,32196.89988,26669.10389,4108.99561,254.0239,1164.77648,30443.70391,0,305.07946,0,0,0,0,0,29686.30933,92.76418,359.55094,28456.56468,28191.88865,2.80014,0,179.3285,0,0,82.54739,605.5375,594.96823,10.56927,0,5841.87478,17972.63407,16774.26262,370.21876,786.12823,34.55193,7.47254,0,3737.03921,3597.54201,0,139.49719,0,0,0,0,23539.24561,5786.21637,5421.71691,0.32153,291.83197,72.34595,5634.87311,1576.94941,0.04106,2757.83268,281.07794,1018.97202,9150.83207,9124.30909,26.52298,2803.73619,1592.65306,1211.08314,0,42.01211,2.74803,4.06873,0,0,35.19535,3.5113,118.06447,-48215.72157,-48728.12088,-48728.12088,0,2388.2935,0,2388.2935,-88.8949,0,-88.8949,438.15698,372.98305,393.83195,-20.8489,65.17393,65.17393,-1181.50293,-1181.50293,0,0,0,0,-1043.65334,0,19594.52092,12265.07632,10852.57239,1412.50393,0,252.91319,164.0022,88.91099,5255.08495,5255.08495,0,1821.44645,1320.5715,500.87495,0,0,,46720.11,46720.11,14607.98,32112.13,C
2017,759107.7695,716258.9588,587475.3589,583709.5133,275085.7864,256626.3698,17274.7021,1184.7145,153094.4757,77411.91924,2647.94127,22411.34042,2281.55433,2089.20194,14857.57085,31394.94766,3447.60927,3852.19429,124.5701,138.79297,2261.23719,5350.1623,16220.38154,99329.97282,1644.51416,95191.6894,321.25114,1360.11633,812.40179,52976.74246,19059.39413,29586.42935,4330.91898,1520.89597,2810.023,3222.53595,3765.84558,2844.06547,921.78011,135.32994,738.27219,48.17798,0,127861.2957,31963.44369,26347.95632,4153.96448,248.7645,1212.75839,31268.07393,0,301.93062,0,0,0,0,0,30774.53398,87.8168,103.79253,33138.1119,32883.48542,1.57801,0,169.58289,0,0,83.46558,620.59063,609.74135,10.84928,0,7363.0412,20210.23499,18713.08692,503.5154,982.72292,1.15989,9.74985,0,3297.79935,3165.97854,0,131.82081,0,0,0,0,23658.67899,5888.35508,5494.00884,0.34379,316.23962,77.76283,5896.7072,1570.42841,0.0439,2985.0049,295.21168,1046.01831,8929.27325,8902.59935,26.6739,2789.65396,1585.7668,1203.88717,0,40.348,2.87058,3.43457,0,0,34.04286,3.5517,110.7898,-42848.81079,-43685.91418,-43685.91418,0,2465.0857,0,2465.0857,-55.85955,0,-55.85955,402.98575,352.25957,375.31627,-23.0567,50.72618,50.72618,-1197.76713,-1197.76713,0,0,0,0,-777.34138,0,20112.43594,12505.57642,11161.96112,1343.6153,0,253.34499,167.16534,86.17964,5475.61431,5475.61431,0,1877.90023,1236.77517,641.12506,0,0,,47638.65,47638.65,14964.56,32674.08,C
2018,783873.5691,742309.9436,612119.8213,608431.8191,299963.5496,278849.1047,20289.60208,824.84282,153544.6316,79998.37647,2927.05875,23795.10623,2291.56452,2170.32536,13684.82742,28677.37284,2461.23751,3476.29564,122.14434,164.18684,2218.11038,4960.9309,15274.46723,98763.55172,1594.04212,95307.23156,319.73642,1037.86176,504.67985,53012.02081,18099.97649,30804.31283,4107.73149,1529.27553,2578.45596,3148.06547,3688.00212,2704.2422,983.75992,134.28507,798.84725,50.6276,0,128910.6235,30453.91666,24699.53025,4303.17979,302.58693,1148.61968,31445.51457,0,291.51779,0,0,0,0,0,30939.4831,88.14686,126.36682,31747.60601,31511.65975,0.91246,0,150.66541,0,0,84.36838,599.04705,589.58863,9.45843,0,8673.11815,23132.29645,21399.43422,621.93026,1104.03136,1.09262,5.808,0,2859.12458,2726.76423,0,132.36035,0,0,0,0,23489.0269,5972.1477,5564.35589,0.3199,317.26453,90.20739,5982.74647,1575.13657,0.04085,2994.33984,319.43765,1093.79155,8523.97254,8498.63772,25.33482,2848.61854,1620.90615,1227.71239,0,41.38125,2.8716,3.49833,0,0,35.01131,3.1248,117.0356,-41563.6255,-42625.75136,-42625.75136,0,2585.31874,0,2585.31874,-36.36492,0,-36.36492,393.50264,357.9012,378.3163,-20.4151,35.60144,35.60144,-1213.66512,-1213.66512,0,0,0,0,-666.66548,0,19354.09746,12326.66851,11048.58211,1278.08641,0,279.43552,197.6943,81.74123,5072.09612,5072.09612,0,1675.8973,1246.61269,429.28461,0,0,,46742.04,46742.04,15766.82,30975.22,C
2019,759396.757,720742.4409,586435.2,582881.5884,279423.2359,257946.6013,20581.16133,895.47329,148841.5653,78348.63163,2872.6698,22328.71336,2439.01646,1928.09579,14905.32995,26019.10826,2239.3392,4033.29793,120.90837,121.84392,2183.40792,4608.76282,12711.5481,101742.9504,1639.51661,98152.55516,303.77653,1236.78459,410.31754,49901.44737,16301.82183,29448.61875,4151.00679,1256.98996,2894.01683,2972.38947,3553.61159,2620.60104,933.01055,129.12961,756.34907,47.53187,0,130928.8754,30539.66081,24927.30967,4335.59762,272.4258,1004.32772,30723.96053,0,374.0811,0,0,0,0,0,30137.38242,80.2896,132.20741,31935.22852,31687.85286,0.79765,0,170.19537,0,0,76.38264,569.54343,556.89801,12.64542,0,8034.94518,24721.09084,22881.88188,576.79353,1261.84239,0.57305,0,0,4404.44606,4268.14146,0,136.30461,0,0,0,0,23263.86176,6121.75995,5706.45166,0.3451,315.30376,99.65943,6040.64818,1594.12668,0.04407,2992.31806,335.64607,1118.5133,8048.63223,8027.07372,21.55851,2896.34933,1650.7452,1245.60413,0,43.6331,2.22741,4.10005,0,0,37.30564,2.2149,110.62407,-38654.31608,-39938.08152,-39938.08152,0,2648.37533,0,2648.37533,-23.92735,0,-23.92735,397.29367,365.58562,387.05612,-21.4705,31.70805,31.70805,-1229.19689,-1229.19689,0,0,0,0,-508.77932,0,18768.8199,12096.79535,10881.04195,1215.7534,0,291.57305,210.39966,81.17339,4948.29842,4948.29842,0,1432.15308,1251.39515,180.75793,0,0,,42652.5,42652.5,16066.93,26585.57,C
2020,712958.7753,674120.2706,544600.2134,541142.1307,248224.3844,228394.8427,19158.73556,670.80609,144905.5868,75414.43699,3204.07396,23668.52382,2378.12923,2045.77431,13513.65427,24680.99423,2215.36344,3935.42626,136.61418,145.24846,2139.01776,4146.22411,11963.10003,96797.17489,1558.74013,93823.836,267.84605,1010.16787,136.58483,48277.14509,13728.40869,29933.85786,4614.87854,1567.09793,3047.78062,2937.83959,3458.08268,2563.03572,895.04697,118.78263,732.35329,43.91105,0,126784.0997,27967.38921,22700.49754,3978.67008,253.46661,1034.75499,29144.35447,0,276.20119,0,0,0,0,0,28672.38373,90.904,104.86555,29277.31149,29029.18979,0.77052,0,166.21242,0,0,81.13876,548.75445,536.73353,12.02092,0,8988.44496,27207.65636,24891.4418,798.32237,1504.68582,7.30299,5.90338,0,3650.18879,3523.09161,0,127.09718,0,0,0,0,23091.11538,6325.77924,5911.24011,0.32825,310.32406,103.88682,6008.51565,1629.19399,0.04192,2945.45586,315.18858,1118.6353,7692.48606,7673.63964,18.84642,2918.35335,1666.54853,1251.80481,0,38.18177,1.91448,3.37796,0,0,32.88933,2.79404,105.00527,-38838.50472,-40208.65676,-40208.65676,0,2695.56926,0,2695.56926,-16.02014,0,-16.02014,405.51279,374.9417,396.7655,-21.8238,30.57109,30.57109,-1224.69836,-1224.69836,0,0,0,0,-490.21151,0,18483.34678,12014.52226,10858.06185,1156.46041,0,283.60503,187.23297,96.37206,4684.64757,4684.64757,0,1500.57193,1270.40495,230.16698,0,0,,42274.51,42274.51,10029.67,32244.84,C
2021,740976.0903,701974.8753,566782.4268,563361.9424,260019.9688,240292.4002,18753.24208,974.32654,152932.439,78915.71507,3765.61578,25985.38634,2372.0257,2111.86898,14101.04633,25680.78078,2269.08384,4078.1577,132.49518,132.47259,2034.87752,4368.1879,12665.50605,99474.18029,1832.98133,96011.2413,238.24546,1298.94362,92.76859,47985.80531,13635.95183,30243.25198,4106.6015,1531.1952,2575.4063,2949.54903,3420.48443,2483.64114,936.84328,116.45403,778.99178,41.39747,0,132777.6371,29005.85992,23516.13019,4215.70053,255.48519,1018.54401,32798.43577,0,189.70484,0,0,0,0,0,32388.33355,96.0407,124.35667,28190.54075,27967.95732,1.91921,0,145.55249,0,0,75.11173,573.37785,558.32285,15.05501,0,8867.03324,29424.83784,26800.94528,887.04395,1709.17756,16.73499,10.93606,0,3917.55176,3821.82276,0,95.729,0,0,0,0,23076.99979,6558.13197,6149.02142,0.31271,310.29617,98.50166,6007.50274,1650.76179,0.03993,2966.78903,274.33602,1115.57596,7413.19769,7396.96284,16.23485,2952.52147,1689.3529,1263.16857,0,33.18092,1.75705,2.86562,0,0,28.55826,2.465,110,-39001.21508,-40384.95359,-40384.95359,0,2892.96927,0,2892.96927,-6.90147,0,-6.90147,401.52722,374.59067,396.83337,-22.2427,26.93655,26.93655,-1220.17795,-1220.17795,0,0,0,0,-683.67855,0,18339.02659,11766.27367,10666.2145,1100.05917,0,296.27954,196.15698,100.12256,4693.04564,4693.04564,0,1583.42774,1290.82377,292.60397,0,0,,42112.89,42112.89,7879.94,34232.96,C
2022,724294.0625,686461.9115,551889.3261,548487.4181,257501.9545,237677.4943,18425.51885,1398.94128,140999.1007,70329.00167,3490.45989,23238.99268,2673.30287,2218.80909,14600.88583,24447.64871,2264.80272,4210.28021,123.93684,139.58824,1966.30709,4233.42266,11509.31095,98502.43381,1744.19121,95093.35448,199.83154,1395.40761,69.64897,48437.68616,13997.33777,30677.57883,3762.76955,1421.25858,2341.51097,3046.24295,3401.90802,2426.36805,975.53998,124.45025,812.54912,38.54061,0,131262.1551,28421.12994,23227.36079,3961.71488,260.46944,971.58484,31823.93465,0,96.29728,0,0,0,0,0,31528.61512,94.50611,104.51614,27975.49619,27709.85755,1.91153,0,204.98926,0,0,58.73784,613.44759,598.78006,14.66753,0,6955.99848,32215.94436,29238.10607,1112.06881,1837.19667,17.34438,11.22843,0,3256.2039,3152.51457,0,103.68933,0,0,0,0,22953.4077,6742.25101,6342.57916,0.3003,308.36363,91.00792,6054.56926,1663.60198,0.03835,2971.88991,299.26961,1119.76941,7112.36959,7098.45386,13.91573,2924.315,1676.70699,1247.60802,0,25.75311,1.8398,2.17282,0,0,21.74049,2.48306,91.66667,-37832.15105,-39326.86148,-39326.86148,0,2876.01651,0,2876.01651,1.24155,0,1.24155,375.63405,351.78618,375.50278,-23.7166,23.84787,23.84787,-1215.63564,-1215.63564,0,0,0,0,-542.54604,0,18189.17355,11597.11683,10550.70819,1046.40865,0,285.08071,205.58317,79.49754,4483.61934,4483.61934,0,1823.35667,1275.16394,548.19273,0,0,,42112.89,42112.89,9930.38,36956.48,C
